resource_type,ViolationCount
aws_instance,20553
aws_s3_bucket,17956
aws_rds_cluster,16998
azurerm_storage_account,15928
aws_security_group,9967
azurerm_mssql_server,8873
aws_lambda_function,7335
azurerm_kubernetes_cluster,6930
google_container_cluster,6692
azurerm_app_service,6684
aws_db_instance,5502
google_sql_database_instance,5154
aws_vpc,4991
google_compute_instance,4876
aws_eks_cluster,4786
google_compute_subnetwork,4278
google_storage_bucket,3925
aws_iam_policy_document,3713
azurerm_mssql_server_security_alert_policy,3631
aws_subnet,3434
aws_cloudwatch_log_group,2725
aws_elasticsearch_domain,2678
azurerm_linux_virtual_machine,2519
google_container_node_pool,2500
azurerm_key_vault,2444
aws_security_group_rule,2325
azurerm_key_vault_secret,2260
aws_lb,1953
google_project_iam_member,1857
aws_ecr_repository,1849
google_compute_firewall,1790
azurerm_postgresql_server,1756
azurerm_virtual_machine,1739
azurerm_mysql_server,1686
aws_iam_role_policy,1583
azurerm_subnet,1578
google_compute_network,1575
azurerm_container_registry,1479
aws_neptune_cluster,1462
azurerm_windows_virtual_machine,1408
azurerm_network_interface,1344
aws_iam_user_policy,1333
azurerm_linux_web_app,1329
google_bigquery_table,1318
aws_cloudfront_distribution,1296
azurerm_application_gateway,1002
azurerm_network_security_group,974
azurerm_managed_disk,959
google_project,911
aws_kms_key,899
aws_elb,896
azurerm_cosmosdb_account,863
google_bigquery_dataset,814
aws_ebs_volume,810
serviceaccount,776
aws_codebuild_project,753
aws_lb_listener,746
azurerm_network_security_rule,730
google_compute_instance_template,713
google_compute_disk,677
aws_iam_policy,652
azurerm_key_vault_key,650
azurerm_sql_server,630
azurerm_security_center_contact,614
google_service_account_key,608
azurerm_service_plan,604
aws_dynamodb_table,577
restricted_shared_vpc,573
google_pubsub_topic,571
aws_route53_zone,562
irsa,558
aws_secretsmanager_secret,548
azurerm_storage_container,534
aws_redshift_cluster,517
aws_iam_user,497
base_shared_vpc,485
vpc,482
aws_ssm_parameter,452
azurerm_windows_web_app,437
aws_cloudtrail,420
aws_lb_target_group,415
azurerm_postgresql_configuration,403
aws_api_gateway_method,400
azurerm_monitor_log_profile,400
aws_neptune_cluster_snapshot,400
example,388
oci_core_security_list,368
azurerm_app_configuration,354
azurerm_linux_virtual_machine_scale_set,353
aws_api_gateway_stage,349
google_kms_crypto_key,338
aws_lambda_function_url,310
oci_core_instance,308
rds,301
aws_eip,298
aws_apigatewayv2_route,295
aws_launch_configuration,291
azurerm_virtual_network,287
aws_elasticache_replication_group,285
aws_sqs_queue,284
kubernetes_pod,266
aws_sns_topic,263
azurerm_synapse_workspace,261
aws_s3_bucket_object,255
aws_autoscaling_group,251
azurerm_network_watcher_flow_log,244
serviceaccount_circleci,241
aws_launch_template,238
secrets_manager,235
ecr,229
azurerm_security_center_subscription_pricing,226
azurerm_storage_account_network_rules,224
service_pod,221
elasticache_redis,219
gke,219
ecr_credentials,216
azurerm_cognitive_account,213
test,209
azurerm_role_definition,205
google_storage_bucket_iam_binding,204
aws,202
this,199
azurerm_firewall,194
eks,191
aws_apigatewayv2_stage,191
google_artifact_registry_repository,189
network,185
azurerm_container_group,182
kubernetes_deployment,174
aws_acm_certificate,173
env,172
aws_alb,171
read_replica,167
aws_s3_bucket_public_access_block,166
github_repository,162
azurerm_machine_learning_compute_cluster,157
azurerm_machine_learning_workspace,153
scheduled_downtime_service_account,152
oci_core_volume,151
aws_ecs_service,149
google_dns_managed_zone,144
azurerm_servicebus_namespace,141
aws_efs_file_system,138
aws_ecs_task_definition,136
aws_rds_cluster_instance,135
azurerm_api_management,133
aws_ecs_cluster,130
ecr-repo,125
azurerm_mysql_flexible_server,122
aws_iam_user_policy_attachment,116
azurerm_firewall_policy,115
azurerm_linux_function_app,114
aws_s3_bucket_ownership_controls,112
azurerm_windows_virtual_machine_scale_set,110
s3_bucket,110
azurerm_synapse_sql_pool,108
azurerm_postgresql_flexible_server,108
aws_mq_broker,106
google_notebooks_instance,105
aws_api_gateway_rest_api,103
azurerm_automation_account,100
aws_sagemaker_notebook_instance,98
aws_sfn_state_machine,96
azurerm_virtual_machine_scale_set,94
azurerm_kubernetes_cluster_node_pool,94
aws_alb_listener,92
aws_route53_record,90
google_cloudfunctions2_function,89
aws_kinesis_firehose_delivery_stream,89
naming,88
google_cloud_run_service_iam_member,87
azurerm_mssql_database,82
"int_test_asm[""roles/iam",80
aws_kinesis_stream,80
google_compute_project_metadata,78
azurerm_search_service,77
kubernetes_deployment_v1,75
google_data_fusion_instance,74
google_redis_instance,74
acm_operator,70
configsync_operator,70
app,70
google_notebooks_runtime,69
kubernetes_pod_v1,68
azurerm_windows_function_app,66
azurerm_redis_cache,65
aws_network_acl,65
aws_iam_account_password_policy,64
github_branch_protection,62
aws_s3_bucket_lifecycle_configuration,62
restricted_transitivity,60
"organization_policies_type_boolean[""compute",60
base_transitivity,60
base_shared_gce_instance,58
floating_project,57
google_bigtable_instance,57
peering_project,57
restricted_shared_vpc_project,56
base_shared_vpc_project,56
azurerm_mssql_server_vulnerability_assessment,54
aws_docdb_cluster,54
google_iam_workload_identity_pool_provider,53
google_cloudfunctions_function,53
private_dns_zones,53
vfxtcontroller,52
aws_opensearch_domain,49
aws_sqs_queue_policy,49
aws_wafv2_web_acl,49
aws_elastic_beanstalk_environment,48
service_account,48
logs_export,48
enabled_google_apis,48
azurerm_service_fabric_cluster,48
dps_rds,47
env_secrets_project,47
aws_mwaa_environment,47
google_folder_iam_member,46
aws_vpc_endpoint_service,46
google_iam_policy,45
hmpps_template_kotlin,45
azure_cosmos_db,44
kubernetes_service_account,43
aws_elasticache_cluster,43
google_compute_security_policy,42
shared,42
elasticache,42
hub,42
aws_appsync_graphql_api,41
vpn_ha_region2_router1,40
google_organization_iam_member,40
vpn_ha_region2_router2,40
vpn_ha_region1_router2,40
vpn_ha_region1_router1,40
azurerm_kusto_cluster,39
shared_vpc,38
ap_irsa,38
aws_iam_group_membership,38
aws_vpc_security_group_ingress_rule,37
azurerm_function_app,35
azurerm_data_factory,35
azurerm_api_management_backend,35
google_project_iam_binding,35
nasfiler1,34
aws_autoscaling_attachment,34
aws_eks_node_group,32
builds,32
azurerm_app_service_slot,32
google_spanner_database,32
aws_waf_web_acl,31
aws_alb_target_group,31
projects_bu1_nonprod,31
projects_bu2_dev,31
projects_bu1_dev,31
cluster_autoscaler_irsa_role,31
projects_bu2_nonprod,31
projects_bu2_prod,31
projects_bu1_prod,31
opensearch,30
"sa_p_notebook_permissions[""roles/iam",30
eks_admins_iam_role,30
eks_admins_iam_group,30
user1_iam_user,30
aws_load_balancer_controller_irsa_role,30
hmpps_template_typescript,30
allow_eks_access_iam_policy,30
allow_assume_eks_admins_iam_policy,30
cloud_storage,29
aws_dms_replication_instance,28
project,28
aws_api_gateway_method_settings,28
karpenter,28
oci_objectstorage_bucket,28
account_map,28
secrets,27
aws_emr_cluster,27
redis,27
aws_s3_bucket_policy,27
azurerm_databricks_workspace,27
acm,27
aws_lambda_permission,27
aws_ami,27
prometheus,26
interconnect_attachment1_region2,26
interconnect_attachment1_region1,26
interconnect_attachment2_region2,26
interconnect_attachment2_region1,26
aws_route_table,25
google_compute_instance_from_template,25
project-services,25
aws_sns_topic_policy,24
asm,24
google_dataproc_cluster,24
aws_vpc_security_group_egress_rule,24
kubernetes_cluster_role_binding,24
la_gce,24
"organization_policies_type_boolean[""iam",24
azurerm_web_application_firewall_policy,23
app_infra_cloudbuild_project,23
eks_blueprints,23
serviceaccount_github,23
azurerm_frontdoor_firewall_policy,23
kubernetes_service,23
kubernetes_addons,23
aws_ami_copy,23
private_service_connect,22
azurerm_batch_account,22
google_storage_bucket_iam_member,22
aws_cloudformation_stack,22
google_workbench_instance,22
gke-project-2,21
gke-network,21
services,21
s3,21
gke-project-1,21
"int_test_asm[""roles/composer",20
cloudfront,20
gke-project-asm,20
azurerm_recovery_services_vault,20
domain_events_queue,19
public_ip,19
domain_events_dlq,19
azuread_application_federated_identity_credential,18
prisoner-event-dlq,18
prisoner-event-queue,18
vmss,18
aws_athena_workgroup,18
tf_private_pool,18
"service-master[""roles/iam",18
aws_networkfirewall_firewall,18
"org_admins_group[""roles/iam",18
azurerm_cdn_endpoint,18
azurerm_frontdoor,18
aws_msk_cluster,17
vpn_ha_agent_to_onprem,17
cicd_project,17
github_actions_secret,17
secret,17
"org_admins_group[""roles/securitycenter",17
aws_workspaces_workspace,17
dns_hub_vpc,16
aws_redshift_parameter_group,16
aws_emr_security_configuration,16
dns_hub_region2_router2,16
natgateway,16
azurerm_synapse_spark_pool,16
aws_dms_endpoint,16
refresh_clamav_serviceaccount,16
"organization_policies_type_boolean[""sql",16
"organization_policies_type_boolean[""storage",16
wi,16
workload_identity,16
la_vpc,16
aws_glue_security_configuration,16
dns-forwarding-zone,16
la_fw,16
aws_network_acl_rule,16
jumpbox,16
dns_hub_region2_router1,16
bootstrap,16
dns_hub_region1_router2,16
dns_hub_region1_router1,16
google_vertex_ai_featurestore,15
google_dialogflow_cx_agent,15
azurerm_eventgrid_domain,15
aws_default_vpc,15
namelaw,15
vpc_ai_notebook[0],15
gcp-network,15
rds-instance,15
secrets_manager_multiple_secrets,14
dns_hub,14
"sa_p_workbench_permissions[""roles/iam",14
workload_identity_existing_ksa,14
azurerm_storage_table,14
"project_parent_iam[""roles/iam",14
oci,14
fgt,14
infra_pipelines,14
aws_codepipeline,13
github_actions_service_account,13
namespoke,13
namehub,13
cloud-nat,13
aws_fsx_lustre_file_system,13
azurerm_eventgrid_topic,12
cai_monitoring,12
azure_subnet_addrs,12
google_vertex_ai_dataset,12
aws_dax_cluster,12
fgt_ha,12
windows_server[0],12
azurerm_spring_cloud_service,12
aws_api_gateway_deployment,12
aws_api_gateway_domain_name,12
gitlab_project,12
la_ide,12
allowed_role_map,12
"service_account_roles[""roles/iam",12
windows_server[1],12
windows_server[2],12
la_serverless_vpc_access,12
aws_iam_group_policy,12
oci_containerengine_cluster,12
nsg1,12
aws_scheduler_schedule,12
redis-elasticache,11
dns_delegated,11
sqs,11
vnet,11
bastion_linux,11
google_dialogflow_cx_webhook,11
google_document_ai_processor,11
dns_gbl_delegated,10
vdbench_configure,10
fgt_config,10
kubernetes_service_v1,10
la_api_batch,10
deploy_elastic_search[0],10
deploy_eck_operator,10
deploy_eck_crds,10
iam_roles,10
"webapp_identity_permissions[""roles/iam",10
workload_identity_existing_gsa,10
aws_transfer_server,10
s3_logging_bucket,10
"servacct-compute-add-permissions[""roles/iam",10
aws_batch_job_definition,10
aws_glue_job,10
build_terraform_image,10
"sa_p_ngs_permissions[""roles/iam",10
org_domain_restricted_sharing,10
google_cloud_run_service_iam_binding,10
s3_snapshot_bucket,9
aws_backup_vault,9
base_shared_vpc[0],9
tf_cloud_builder,9
interconnect,9
rds_instance,9
google_cloudbuild_worker_pool,9
azurerm_postgresql_flexible_server_firewall_rule,9
aws_ec2_transit_gateway,9
required_group,9
utils,9
scc_notifications,9
tf_source,9
bootstrap_csr_repo,9
kops_metadata,9
kubernetes_secret,9
seed_bootstrap,9
org_vm_external_ip_access,9
org_secrets,9
denied_role_map,9
org_audit_logs,9
optional_group,9
github-automation,9
label,9
azurerm_spring_cloud_api_portal,8
base_network_hub,8
redis_cluster,8
xlb,8
pushgateway,8
nfsfiler,8
gcp_projects_state_bucket,8
cvl_domain_events_dead_letter_queue,8
cvl_domain_events_queue,8
firewall_policy,8
"tf_workspace[""env""]",8
"tf_workspace[""net""]",8
"tf_workspace[""org""]",8
"tf_workspace[""proj""]",8
la_sa_role,8
la_gcf,8
la_cloudsql,8
la_cloud_run,8
la_bq_table,8
la_automl,8
la_api_secret_manager,8
kubernetes,8
ami,8
dnsserver,8
domain_restricted_contacts,8
fgt_hub_config,8
fgt_hub,8
virttype,8
ilb-b,8
ilb-a,8
hmpps_redis,8
regions,8
rds_aurora,8
oci_containerengine_node_pool,8
oci_core_network_security_group_security_rule,8
"project[""roles/iam",8
aws_codecommit_repository,8
restricted_network_hub,8
"cb_sa_prj_perms[""roles/iam",8
security_group,8
peering_gce_instance,8
child,8
cloud_init,8
sa_pod_broadcaster,8
google_deployment_accounts,8
aws_iam_role,8
runner-mig,8
runner-mig-dind,8
networking,7
irsa-api,7
iam,7
kms,7
"cicd[""frontend""]",7
"cicd[""balancereader""]",7
"cicd[""contacts""]",7
"cicd[""ledgerwriter""]",7
"cicd[""transactionhistory""]",7
"cicd[""userservice""]",7
circleci-sa,7
gke_cluster,7
large-court-cases-s3-bucket,7
pagerduty_core_alerts,7
org_billing_logs,7
opensearch_snapshot_bucket,7
namedatalake,7
google_organization_iam_binding,7
s3-bucket,7
google_vertex_ai_index_endpoint,7
allowed_worker_pools,7
aws_wafregional_web_acl,7
aws_sagemaker_endpoint_configuration,7
serviceaccount-github,7
azurerm_app_service_environment_v3,7
sqs_queue,7
restrict_protocol_fowarding,7
analytical-platform,6
azuredevops_git_repository,6
hub1,6
annotate-sa,6
flipt-db,6
crm_elasticache,6
gke_hub_registration,6
cachewarmer_manager_install,6
aurora-cluster,6
google_vertex_ai_endpoint,6
postgres_cluster,6
environment_test,6
fgt_hub_vnet,6
project-factory,6
"int_test_project[""roles/iam",6
dead-letter-queue,6
google_dataflow_job,6
aws_iam_role_policy_attachment,6
hmpps-tier-ui,6
tgw_hub_role,6
tgw_hub,6
aws_fsx_openzfs_file_system,6
"tf_workspace[""bootstrap""]",6
s3_opensearch_snapshots_bucket,6
aws_efs_access_point,6
aws_networkfirewall_rule_group,6
"tf_sa_org_perms[""roles/iam",6
aws_config_configuration_recorder_status,6
environment_dev,6
aws_appsync_api_cache,6
queue,6
hub2,6
r1_spoke_vnet[0],6
rds_mssql,6
iac04_module,6
ims_attachments_storage_bucket,6
rds_alfresco,6
r1_spoke_vnet_vm[0],6
ims_images_storage_bucket,6
update_from_external_system_events_queue,6
r1_hub_vnet_spoke,6
azurerm_sql_firewall_rule,6
hmpps_electronic_monitoring_crime_matching_api,6
dps_rds_replica[0],6
namepurview,6
azurerm_mssql_firewall_rule,6
kafka_cluster,6
update_from_external_system_events_dlq,6
opensearch_alert,6
subnets,6
openstack,6
r1_fgt_spoke[0],6
alb,6
node_group,6
service_account_cluster,6
nasfiler2,6
nasfiler3,6
vcn,6
service_vmss,6
download_moana,6
aws_docdb_cluster_parameter_group,5
google_cloudfunctions2_function_iam_member,5
google_compute_ssl_policy,5
iam_policy,5
cpr,5
sql_db_postgresql,5
vpc_workbench[0],5
aws_cloudfront_response_headers_policy,5
vpc_ngs[0],5
aws_fsx_ontap_file_system,5
logs,5
aws_glue_data_catalog_encryption_settings,5
fgt_vpc,5
"servacct-compute-add-permissions[""roles/resourcemanager",5
"sa_p_ngs_permissions[""roles/lifesciences",5
ims_prisoner_details_bucket,5
"servacct-compute-add-permissions[""roles/storage",5
create_and_vary_a_licence_api_rds,5
"servacct-compute-add-permissions[""roles/bigquery",5
"servacct-compute-add-permissions[""roles/artifactregistry",5
"servacct-compute-add-permissions[""roles/aiplatform",5
"service_account_roles[""roles/batch",5
"organization_policies_type_boolean_fldr_override[""compute",5
"organization_policies_type_boolean_prj_d_shared_base_override[""compute",5
cccd_rds,5
opensearch_dos_alert,5
ims_prisoner_details_dlq,5
multitenant_infra,5
cromwell_mysql_db,5
cromwell_service_account,5
ims_prisoner_details_queue,5
elastic_search_network[0],5
elastic_search_project[0],5
policy_bundles,5
aurora_mysql,5
"servacct-compute-add-permissions[""roles/notebooks",5
vpc_ingress,5
vpc_cromwell[0],5
cccd_s3_bucket,5
net,5
cccd_elasticache_redis,5
project_radlab_neon[0],5
project_radlab_silicon[0],5
project_radlab_genomics[0],5
irsa_cas2,5
irsa_ap,5
kubectl_asm_wait_for_controlplanerevision_custom_resource_definition,5
project_radlab_gen_cromwell[0],5
project_radlab_web_hosting[0],5
dns,5
integrations,5
project_radlab_ds_analytics[0],5
project_radlab_billing_budget[0],5
azurerm_container_registry_webhook,5
aws_sagemaker_model,5
dpr_mi_assume_role,5
project_radlab_alpha_fold[0],5
kubectl_asm_wait_for_controlplanerevision,5
irsa_ta,5
hmpps_launchpad_home_ui,4
ims_pdf_dead_letter_queue,4
ims_pdf_queue,4
dms_sns,4
vmss_configure,4
hmpps_launchpad_auth,4
hmpps-locations-inside-prison,4
vm_extension_monitoring_agent,4
vm_extension_diagnostics,4
ims_index_update_queue,4
visit_allocation_rds,4
irsa-appservice,4
hmpps_managing_prisoner_apps_api,4
crime_apps_ec_cluster,4
hmpps_managing_prisoner_apps_staff_ui,4
crime-portal-gateway,4
ims_reprocess_queue,4
anvil1,4
mercury_submit_dead_letter_queue,4
mercury_submit_elasticache_redis,4
mercury_submit_queue,4
merge_rds,4
metadata_status_dead_letter_queue,4
metadata_status_queue,4
mig,4
cross_irsa_pod,4
anvil,4
ims_reprocess_dead_letter_queue,4
cross-irsa,4
truststore_s3_bucket,4
crime-portal-gateway-s3-bucket,4
crime-portal-gateway-queue,4
crime-portal-gateway-dead-letter-queue,4
update_application_status_queue_m,4
la_firestore_classical,4
ims_index_update_dead_letter_queue,4
dsx,4
user-filestore-s3-bucket,4
subscriber_sa,4
vault_cluster,4
vault_elb,4
submitter-rds-instance-2,4
court_data_adaptor_rds,4
court_case_service_rds,4
identity,4
irsa_cas2_bail,4
court-hearing-event,4
cpr-court-cases-queue,4
court-facing-api-service_pod,4
dsx1,4
court-facing-api-irsa,4
court-cases-queue,4
court-cases-dlq,4
court-cases,4
dsx2,4
store_write,4
vfxt_controller,4
cpr-court-cases-dlq,4
jenkins_firewall_rules,4
ims_index_batch_queue,4
irsa_av,4
anvil2,4
irsa-dcs,4
irsa-legacy,4
update_application_status_queue_m_dead_letter_queue,4
irsa-notifyservice,4
keyvault,4
ims_index_batch_bucket,4
irsa-rds,4
faz,4
ims_extractor_queue,4
json-output-attachments-s3-bucket,4
ims_extractor_dead_letter_queue,4
ims_dissemination_storage_bucket,4
ims_csv_queue,4
ims_csv_dead_letter_queue,4
gdpr_rds,4
user-datastore-rds-instance-2,4
user-filestore-irsa,4
vpc_linux_notes_prod_peering_to_vault,4
vpc_nextflow[0],4
ims_index_batch_dead_letter_queue,4
ims_transformer_queue,4
ims_transformer_dead_letter_queue,4
la_ide_proxy,4
la_project,4
api_gateway_authorizer_staging_firehose,4
la_ccd,4
la_repo,4
la_role_bind,4
la_bq_table_view,4
de_identification_template,4
dcos-mesos-master,4
dcos-bootstrap,4
la_sa,4
tfc_agent_cluster,4
la_secret_manager,4
dms-access-for-endpoint,4
dms-cloudwatch-logs-role,4
la_vai_notebook,4
la_vertex_workbench,4
dms-vpc-role,4
network_transitivity,4
la_bq_dataset,4
fgt_ni-nsg,4
la_bigquery_soccer,4
la_labshell,4
api_gateway_deployment_staging_firehose,4
fmg,4
la_df_webhook,4
la_firestore_document,4
la_firestore_pop,4
la_firestore_925,4
la_firestore_rock,4
api_gateway_domain_name_staging_firehose,4
la_firestore_650,4
la_gae,4
la_gae_database,4
api_gateway_integration_staging_firehose,4
api_gateway_route_staging_firehose,4
la_gcf_ac,4
la_gcf_mp,4
dev,4
api_gateway_stage_staging_firehose,4
api_gateway_staging_firehose,4
additional_users,4
la_firestore_415,4
la_gcs,4
la_gke_node_pool,4
la_gke_np_cos,4
la_gke_std,4
laa_ccms_documents,4
laa_ccms_pui_docs,4
lab_proxy,4
hearing_resulted_queue,4
hmpps_prison_visits_allocation_prisoner_retry_queue,4
data,4
hmpps_prison_visits_allocation_prisoner_retry_dead_letter_queue,4
firewall,4
hearing_resulted_dead_letter_queue,4
hmpps_prison_visits_allocation_events_queue,4
manage_intelligence_csv_bucket,4
manage_intelligence_elasticache_redis,4
manage_intelligence_extractor_bucket,4
manage_intelligence_logging_bucket,4
manage_intelligence_rds_to_s3_bucket,4
manage_intelligence_storage_bucket,4
manage_intelligence_transformer_bucket,4
hmpps_prison_visits_allocation_events_dead_letter_queue,4
anvil_configure1,4
anvil_configure,4
track_a_query_rds,4
vpc_endpoints,4
flow_logs,4
instance_template,4
track_a_query_s3,4
hmpps_prison_visits_allocation_processing_job_dead_letter_queue,4
hmpps_prison_visits_allocation_processing_job_queue,4
anvil_configure2,4
hmpps-manage-users-api,4
lambda_staging_firehose_trigger,4
testing,4
lb_galera_prod,4
lc,4
lcdui_elasticache,4
la_automl_proxy,4
lcdui_rds,4
linux_notes_vpc,4
additional_grants,4
template_project,4
hmpps_prison_visits_event_dead_letter_queue,4
integration,4
hmpps_prison_visits_write_events_queue,4
datadog_configuration,4
hmpps-locations-inside-prison-api,4
hmpps_prison_visits_write_events_dead_letter_queue,4
hmpps_prison_visits_notification_alerts_queue,4
hmpps_prison_visits_notification_alerts_dead_letter_queue,4
hmpps_prison_visits_event_queue,4
track_a_query_elasticache_redis,4
bastion_ami,4
shared-service-account,4
staging,4
cccd_response_dead_letter_queue,4
cdn-eu-west-1,4
cdn-eu-central-1,4
cdn-ca-central-1,4
cdn-ap-southeast-2,4
cdn-ap-southeast-1,4
cdn-ap-south-1,4
cdn-ap-northeast-2,4
cdn-ap-northeast-1,4
"rnr_sa_prj_perms[""roles/iam",4
ccr_dead_letter_queue,4
cclf_dead_letter_queue,4
cccd_claims_submitted,4
google_vertex_ai_tensorboard,4
"cb_sa_org_perms[""roles/iam",4
event_audit_dynamodb,4
cassandra_security_group,4
hmpps_sentence_plan_ui,4
hmpps-visits-internal-admin-ui,4
aws_networkfirewall_firewall_policy,4
hmpps_sentence_plan_api,4
cas-2-domain-events-listener-queue,4
cas-2-domain-events-listener-dlq,4
aws_qldb_ledger,4
aws_ssm_document,4
cdn-eu-west-2,4
cdn-sa-east-1,4
cdn-us-east-1,4
cdn-us-east-2,4
elasticsearch_cluster,4
hmpps-book-a-prison-visit-ui,4
elb-b,4
aws_config_configuration_recorder,4
hmpps_probation_check_in_ui,4
certificate_backup,4
runner-irsa,4
ceph_osds,4
ceph_network,4
ceph_monitors,4
ceph_mds,4
ceph_deployer,4
ceph_client,4
centralized_logging,4
windowsgridgpu,4
routing,4
centosgridgpu,4
aws_fsx_windows_file_system,4
route53_lambda_staging_firehose,4
hmpps_strengths_based_needs_assessments_ui,4
hmpps_strengths_based_needs_assessments_api,4
cdn-us-west-2,4
cdn-us-west-1,4
prod,4
responses_for_cccd,4
s3_data_bucket,4
"rad_lab_runner_identity_project_permissions[""roles/iam",4
r1_hub_on_prem_vnet,4
r1_hub_on_prem_xlb,4
r1_hub_vnet_spoke_vm,4
r1_spoke_rs[0],4
r1_xlb,4
r2_fgt_hub,4
r2_fgt_hub_config,4
r2_fgt_hub_vnet,4
r2_hub_vnet_spoke,4
r2_hub_vnet_spoke_vm,4
r2_xlb,4
random_glue_connection_password,4
caf,4
read_replica[0],4
google_project_services,4
rds_mysql,4
"base_restricted_environment_network[""development""]",4
book_a_secure_move_reporting_s3_bucket,4
book_a_secure_move_metrics_s3_bucket,4
book_a_secure_move_documents_s3_bucket,4
book-a-prison-visit-staff-ui,4
"base_restricted_environment_network[""production""]",4
rds-instance-migrated,4
rds_aurora_legacy,4
r1_hub_on_prem_config,4
r1_hub_on_prem,4
r1_hub_azure_xlb,4
r1_hub_azure_core_vnet,4
cachewarmer_worker_install,4
cachewarmer_submitjobs,4
cachewarmer_prepare_bootstrapdir,4
project_radlab_gen_nextflow[0],4
report_id_dynamodb,4
azure_east_subnet_addrs,4
azure_static_website,4
azure_west_subnet_addrs,4
regional_reid_pipeline,4
regional_deid_pipeline,4
prosecution_concluded_queue,4
proxy,4
public_ip_firewall1,4
google_tpu_v2_vm,4
azurerm_linux_function_app_slot,4
qdrant_cluster,4
r1_fgt_hub,4
r1_fgt_hub_config,4
r1_fgt_hub_vnet,4
r1_fgt_spoke_config[0],4
r1_fgt_spoke_vnet[0],4
r1_hub_azure_core,4
r1_hub_azure_core_config,4
"s3_buckets[""laa-sds-internal""]",4
elb-a,4
audit_dynamodb,4
attachment_metadata_transformer_dead_letter_queue,4
service-metadata-s3-bucket,4
service-metadata-irsa,4
asg,4
"servacct-compute-add-permissions[""roles/dataflow",4
pac_elasticache_redis,4
hmpps-auth,4
hmpps-community-accommodation-tier-2-bail-ui,4
security,4
attachment_metadata_extractor_dead_letter_queue,4
attachment_metadata_extractor_queue,4
cloudtrail,4
elasticache_redis_public,4
hmpps_community_accommodation_tier_2_ui,4
vyos_vm,4
attachment_metadata_transformer_queue,4
audit,4
secured_data_warehouse,4
vyos_vm_connection,4
pic_new_offender_events_dead_letter_queue,4
pic_new_offender_events_queue,4
elasticache_redis_admin,4
cloud_network,4
service-token-cache-elasticache,4
hmpps_digital_prison_reporting_mi_ui_ec_cluster,4
opencue_configure,4
serviceaccount_tiller,4
nextflow_service_account,4
corp,4
nomis-user-roles-api,4
ecr_feed_parser,4
vpc_peering,4
sme_generative_ai,4
sme_fraudfinder,4
iam_projects,4
gha_role_name,4
iam_glue_example_user_policy,4
iam_glue_example_service_policy,4
iam_assumable_role,4
vpc_peering_to_linux_notes_prod,4
efs,4
components,4
hmpps_dpr_dpr_tools_ui_ec_cluster,4
github_actions_environment_secret,4
dwh_networking_data_ingest,4
sg_https_web,4
onpremfiler,4
opa_hub_db,4
postgresql_cluster,4
dwh_networking_conf,4
hmpps_assess_risks_and_needs,4
s3_private_glue_jobs,4
claim-criminal-injuries-tempus-dlq,4
claim-criminal-injuries-notify-queue,4
claim-criminal-injuries-notify-dlq,4
claim-criminal-injuries-application-queue,4
aws-policy,4
claim-criminal-injuries-application-dlq,4
cla_frontend_static_files_bucket,4
s3_private_glue_crawler,4
avm_res_keyvault_vault,4
claims_for_cclf,4
pre_sentence_service_rds,4
hmpps_assess_risks_and_needs_coordinator_api,4
cla_backend_static_files_bucket,4
cla_backend_rds_postgres_14,4
cla_backend_private_reports_bucket,4
glue_example_admin_role,4
circleci_service_account,4
cla_backend_deleted_objects_bucket,4
s3_private_glue_catalog,4
claim-criminal-injuries-tempus-queue,4
hmpps_approved_premises_ui,4
hmpps_approved_premises_api,4
elasticache_redis_staff,4
hmpps_assess_risks_and_needs_handover_service,4
cica_ecr_credentials,4
pre-sentence-service,4
glue_iam_role,4
claims_for_ccr,4
hmpps_prisoner_to_nomis_court_sentencing_dead_letter_queue,3
hmpps_prisoner_to_nomis_visit_queue,3
hmpps_prisoner_to_nomis_adjudication_dead_letter_queue,3
hmpps_prisoner_to_nomis_appointment_queue,3
hmpps_record_a_recall,3
hmpps-historical-prisoner-api,3
hmpps_prisoner_to_nomis_casenotes_queue,3
hmpps_prisoner_to_nomis_casenotes_dead_letter_queue,3
hmpps_prisoner_to_nomis_court_sentencing_queue,3
hmpps_prisoner_to_nomis_csip_queue,3
hmpps_prisoner_to_nomis_visitbalance_dead_letter_queue,3
hmpps_prisoner_to_nomis_visitbalance_queue,3
hmpps_prisoner_to_nomis_externalmovements_dead_letter_queue,3
hmpps_prisoner_to_nomis_externalmovements_queue,3
hmpps-domain-events,3
hmpps_prisoner_to_nomis_sentencing_dead_letter_queue,3
hmpps_prisoner_to_nomis_activity_queue,3
hmpps_prisoner_to_nomis_personalrelationships_queue,3
hmpps_prisoner_to_nomis_csip_dead_letter_queue,3
hmpps_reductions_completed_queue,3
hmpps_prisoner_to_nomis_incentive_dead_letter_queue,3
hmpps-historical-prisoner-ui,3
hmpps-domain-event-logger,3
hmpps_prisoner_to_nomis_alerts_queue,3
hmpps-education-employment-api,3
hmpps_prisoner_to_nomis_nonassociation_queue,3
hmpps-csip-ui-service-account,3
hmpps_prisoner_to_nomis_nonassociation_dead_letter_queue,3
hmpps_prisoner_to_nomis_location_queue,3
hmpps_prisoner_to_nomis_organisations_queue,3
hmpps-court-case-service-api,3
hmpps_prisoner_to_nomis_location_dead_letter_queue,3
hmpps_prisoner_to_nomis_visit_dead_letter_queue,3
hmpps_registers_elasticache_redis,3
hmpps_remand_and_sentencing_api,3
hmpps_prisoner_to_nomis_alerts_dead_letter_queue,3
hmpps_prisoner_to_nomis_incentive_queue,3
hmpps_remand_and_sentencing_prisoner_dead_letter_queue,3
hmpps_prisoner_to_nomis_incidents_queue,3
hmpps_prisoner_to_nomis_adjudication_queue,3
hmpps-immigration-detention-ui,3
hmpps-education-employment-ui,3
hmpps_reductions_completed_dead_letter_queue,3
hmpps-feature-flags,3
hmpps_prisoner_to_nomis_incidents_dead_letter_queue,3
hmpps_prisoner_to_nomis_appointment_dead_letter_queue,3
hmpps_prisoner_to_nomis_activity_dead_letter_queue,3
hmpps_prisoner_search_rds,3
hmpps_prisoner_to_nomis_personalrelationships_dead_letter_queue,3
hmpps-incentives-api,3
hmpps_prisoner_to_nomis_sentencing_queue,3
hmpps_integration_api,3
hmpps_prisoner_search_publish_queue,3
hmpps_content-hub-feedback-reports,3
hmpps_assessments_rds,3
hmpps_assessments_s3,3
hmpps_audit_dead_letter_queue,3
hmpps_audit_queue,3
hmpps_audit_rds,3
hmpps_audit_users_dead_letter_queue,3
hmpps_audit_users_queue,3
hmpps_book_a_video_link_domain_dlq,3
hmpps_book_a_video_link_domain_queue,3
hmpps_ccrd_cache_eviction_dead_letter_queue,3
hmpps_ccrd_cache_eviction_queue,3
hmpps-prisoner-to-nomis-update,3
hmpps-prisoner-search-indexer,3
hmpps-prisoner-search,3
hmpps_court_cases_release_dates,3
hmpps_assessments_api,3
hmpps_court_cases_release_dates_api,3
hmpps-prisoner-location_s3_bucket,3
hmpps_domain_event_logger_dead_letter_queue,3
hmpps_domain_event_logger_queue,3
hmpps_dps_reconciliation_dead_letter_queue,3
hmpps_dps_reconciliation_queue,3
hmpps_dps_reconciliation_rds,3
hmpps-prisoner-location-ui,3
hmpps_eawp_domain_events_dlq,3
hmpps_eawp_domain_events_queue,3
hmpps_education_work_plan_rds,3
hmpps-prisoner-location-api,3
hmpps-prisoner-from-nomis-migration,3
hmpps-prisoner-events,3
hmpps_assessments_elasticache_redis,3
hmpps-resettlement-passport-person-on-probation-ui,3
hmpps-prisoner-base-location-api,3
hmpps_adjustments_api,3
hmpps_acp_domain_events_queue,3
hmpps_remand_and_sentencing_ui,3
hmpps_acp_domain_events_dead_letter_queue,3
hmpps_activities_management_jobs_dlq,3
hmpps-welcome-people-into-prison-ui,3
hmpps-welcome-people-into-prison-api,3
hmpps_activities_management_jobs_queue,3
hmpps-video-conference-schedule-ui,3
hmpps-uof-data-api,3
hmpps_adjudications_insights_api,3
hmpps-tier-events-queue,3
hmpps-tier-events-dlq,3
hmpps-tier-api,3
hmpps-subject-access-request_s3_bucket,3
hmpps-send-legal-mail-staff-ui,3
hmpps_arns_assessment_platform_ui,3
hmpps_adjustments_prisoner_dead_letter_queue,3
hmpps-restricted-patients-ui,3
hmpps-restricted-patients-api,3
hmpps-restricted-patients,3
hmpps_adjustments_prisoner_queue,3
hmpps_adjustments_ui,3
hmpps_alerts_domain_events_dlq,3
hmpps_alerts_domain_events_queue,3
hmpps_allocation_domain_events_dead_letter_queue,3
hmpps_allocation_domain_events_queue,3
hmpps_allocations_offender_events_dead_letter_queue,3
hmpps_allocations_offender_events_queue,3
hmpps-resettlement-passport-ui,3
hmpps_arns_assessment_platform_api,3
hmpps-prisoner-communication-monitoring,3
hmpps-prison-offender-events,3
hmpps_prisoner_search_publish_dead_letter_queue,3
hmpps_prisoner_finance_sync_irsa,3
hmpps_pin_phone_monitor_document_s3_bucket,3
hmpps_pin_phone_monitor_s3_event_dead_letter_queue,3
hmpps_pin_phone_monitor_s3_event_queue,3
hmpps-non-associations-api,3
hmpps-non-associations,3
hmpps-nomis-sync-dashboard,3
hmpps_prisoner_audit_dead_letter_queue,3
hmpps_prisoner_audit_queue,3
hmpps_prisoner_audit_s3,3
hmpps_prisoner_audit_s3_logging,3
hmpps-nomis-prisoner-api,3
hmpps-nomis-mapping-service,3
hmpps-manage-users,3
hmpps_prisoner_finance_sync_api,3
hmpps-jobs-board-ui,3
hmpps_person_record_rds,3
hmpps-jobs-board-reporting-ui,3
hmpps-jobs-board-api,3
hmpps-integration-events,3
hmpps-integration-event-irsa,3
hmpps-incident-reporting-api,3
hmpps-incident-reporting,3
hmpps_prisoner_search_domain_dlq,3
hmpps_prisoner_search_domain_queue,3
hmpps_prisoner_search_index_dead_letter_queue,3
hmpps_prisoner_search_index_queue,3
hmpps_prisoner_search_offender_dlq,3
hmpps-incentives-ui,3
hmpps_prisoner_search_offender_queue,3
hmpps_prisoner_search_opensearch,3
hmpps_person_record_rds_read_replica,3
hmpps_person_record_manage_ui,3
hmpps-prison-api,3
hmpps_identify_remand_periods_api,3
hmpps_electronic_monitoring_datastore_api,3
hmpps_electronic_monitoring_datastore_ui,3
hmpps_ems_cemo_ui_elasticache_redis,3
hmpps_extract_placed_dead_letter_queue,3
hmpps-ppud-automation-api,3
hmpps-person-on-probation-user-api,3
hmpps-official-visits-ui,3
hmpps-official-visits-api,3
hmpps_extract_placed_queue,3
hmpps_find_and_refer_domain_events_dlq,3
hmpps_find_and_refer_domain_events_queue,3
hmpps_health_and_medication_api,3
hmpps-offender-categorisation-api,3
hmpps-non-residential-locations-ui,3
hmpps_identify_remand_periods_ui,3
hmpps_person_record,3
hmpps_integration_events,3
hmpps_interventions_elasticache_redis,3
hmpps_interventions_postgres14,3
hmpps_interventions_postgres14_replica,3
hmpps_jobs_board_integration_dlq,3
hmpps_jobs_board_integration_queue,3
hmpps_manage_adjudications,3
hmpps_manage_offences_api,3
hmpps_manage_offences_ui,3
hmpps_person_integration_api,3
hmpps_person_match_irsa,3
hmpps_person_match_rds,3
hmpps_person_match_score,3
hmpps_person_match_service_pod,3
hmpps_remand_and_sentencing_prisoner_queue,3
parliamentary_questions_elasticache_redis,3
hmpps_resettlement-passport-api,3
prisoner_from_nomis_personcontacts_domain_dead_letter_queue,3
prisoner_from_nomis_visitbalance_queue,3
prisoner_from_nomis_visitbalance_dead_letter_queue,3
prisoner_from_nomis_sentencing_queue,3
prisoner_from_nomis_sentencing_dead_letter_queue,3
prisoner_from_nomis_prisonerrestrictions_domain_queue,3
prisoner_from_nomis_prisonerrestrictions_domain_dead_letter_queue,3
prisoner_from_nomis_personcontacts_domain_queue,3
prisoner_from_nomis_personalrelationships_queue,3
prisoner_from_nomis_visits_queue,3
prisoner_from_nomis_personalrelationships_domain_queue,3
prisoner_from_nomis_personalrelationships_domain_dead_letter_queue,3
prisoner_from_nomis_personalrelationships_dead_letter_queue,3
prisoner_from_nomis_organisations_queue,3
prisoner_from_nomis_organisations_dead_letter_queue,3
prisoner_from_nomis_officialvisits_queue,3
prisoner_from_nomis_officialvisits_dead_letter_queue,3
prisoner_from_nomis_visits_dead_letter_queue,3
prisoner_offender_events_dead_letter_queue,3
prisoner_from_nomis_locations_dead_letter_queue,3
prosecution_concluded_dead_letter_queue,3
rds_apex,3
rds-live,3
rds-history,3
rds-allocation,3
publishing-api-container,3
publisher-container,3
provision-monte-carlo-infra,3
probation_offender_events,3
prisoner_offender_events_queue,3
probation-search-ui-service-account,3
probation-search-services,3
probation-search-service-account,3
probation-search-api,3
private_workerpool,3
private-service-access,3
prisons_rds,3
prisoner_from_nomis_locations_queue,3
prisoner_from_nomis_incidents_queue,3
rds_postgres,3
pre-sentence-reports-to-delius-queue,3
prison-custody-status-to-delius-service-account,3
prison-custody-status-to-delius-queue,3
prison-custody-status-to-delius-dlq,3
prison-case-notes-to-probation-service-account,3
prison-case-notes-to-probation-queue,3
prison-case-notes-to-probation-dlq,3
pre-sentence-reports-to-delius-service-account,3
pre-sentence-reports-to-delius-dlq,3
prison-identifier-and-delius-queue,3
pic_probation_offender_events_queue,3
pic_probation_offender_events_dead_letter_queue,3
pic_link_unlink_queue,3
pic_link_unlink_dead_letter_queue,3
person-search-index-from-delius-service-account,3
person-search-index-from-delius-person-queue,3
person-search-index-from-delius-contact-queue,3
prison-identifier-and-delius-dlq,3
prison-identifier-and-delius-service-account,3
prisoner_from_nomis_incidents_dead_letter_queue,3
prisoner_from_nomis_coreperson_dead_letter_queue,3
prisoner_from_nomis_finance_queue,3
prisoner_from_nomis_finance_dead_letter_queue,3
prisoner_from_nomis_externalmovements_queue,3
prisoner_from_nomis_externalmovements_dead_letter_queue,3
prisoner_from_nomis_courtsentencing_queue,3
prisoner_from_nomis_courtsentencing_dead_letter_queue,3
prisoner_from_nomis_coreperson_queue,3
prisoner_from_nomis_casenotes_queue,3
prison-offender-events-irsa,3
prisoner_from_nomis_casenotes_dead_letter_queue,3
prisoner_from_nomis_alerts_queue,3
prisoner_from_nomis_alerts_dead_letter_queue,3
prisoner_finance_sync_queue_for_domain_events_dead_letter_queue,3
prisoner_finance_sync_queue_for_domain_events,3
prisoner_feedback_rds,3
prison-visits-rds,3
rds_metabase,3
readonly_access,3
hmpps_restricted_patients,3
testserviceaccount,3
ui_irsa,3
tva_elasticache_redis,3
track_a_move_s3_bucket,3
tier-to-delius-service-account,3
tier-to-delius-queue,3
tier-to-delius-dlq,3
tgw_spoke_vpc_attachment,3
target_redis_cluster,3
unlink_queue_dead_letter_queue,3
target_kafka_cluster,3
support-api-container,3
support-additional-needs-ui,3
support-additional-needs-api,3
suicide-risk-form-and-delius-service-account,3
suicide-risk-form-and-delius-queue,3
suicide-risk-form-and-delius-dlq,3
unlink_queue,3
unpaid-work-and-delius-dlq,3
store_read,3
vpcs[2],3
workforce-allocations-to-delius-service-account,3
workforce-allocations-to-delius-queue,3
workforce-allocations-to-delius-dlq,3
whitehall-container,3
whereabouts_api_queue,3
whereabouts_api_dead_letter_queue,3
vpcs[3],3
vpcs[1],3
unpaid-work-and-delius-queue,3
vpcs[0],3
vpc[0],3
vnet_storage_account,3
virtualmachine1,3
use-of-force,3
uof_elasticache_redis,3
unpaid-work-and-delius-service-account,3
subject_access_request_rds,3
source_redis_cluster,3
redis-cli-container[0],3
restricted_patients_queue,3
risk_profiler_change,3
risk-assessment-scores-to-delius-service-account,3
risk-assessment-scores-to-delius-queue,3
risk-assessment-scores-to-delius-dlq,3
restricted_peering_net,3
restricted_patients_queue_for_domain_events_dead_letter_queue,3
restricted_patients_queue_for_domain_events,3
restricted_patients_dead_letter_queue,3
risk_profiler_s3_bucket,3
reporting_irsa,3
remand-and-sentencing-api-rds,3
regular_service_perimeter_1,3
refer-and-monitor-and-delius-service-account,3
refer-and-monitor-and-delius-queue,3
refer-and-monitor-and-delius-dlq,3
redis_clusters,3
risk_profiler_change_dead_letter_queue,3
role_map,3
source_kafka_cluster,3
send_legal_mail_s3_bucket,3
source_account_role,3
slmtp_ui_elasticache_redis,3
slmtp_staff_ui_elasticache_redis,3
slmtp_api_rds,3
slmtp_api_elasticache_redis,3
single_accommodation_service_rds,3
ses,3
send-legal-mail-to-prisons-api,3
roles_to_principals,3
send-legal-mail-to-prisons,3
sas_elasticache_redis,3
s3_opensearch,3
s3_bucket_report_store_logging,3
s3_bucket_report_store,3
s3-images,3
rp_rds,3
person-search-index-from-delius-contact-keyword-queue,3
peoplefinder_s3,3
peoplefinder_rds,3
irsa_internal_app,3
justice-email-and-delius-service-account,3
justice-email-and-delius-queue,3
justice-email-and-delius-dlq,3
irsa_pathfinder,3
irsa_offender_risk_profiler,3
irsa_offender_categorisation,3
irsa_manage_soc_cases,3
irsa_hmpps_pathfinder_api,3
keyworker_api_dead_letter_queue,3
irsa_hmpps_offender_categorisation_api,3
irsa_external_app,3
irsa-ui,3
introspection,3
interventions_s3_bucket,3
integration_api_domain_events_queue,3
integration_api_domain_events_dead_letter_queue,3
keyworker-api,3
keyworker_api_queue,3
"int_test[""roles/iam",3
make-recall-decision-api,3
manage-offences-and-delius-queue,3
manage-offences-and-delius-dlq,3
make_recall_decision_api_rds,3
make-recall-decisions-and-delius-service-account,3
make-recall-decisions-and-delius-queue,3
make-recall-decisions-and-delius-dlq,3
make-recall-decision-ui,3
ma_rds,3
kms_key_logs,3
loki,3
location_api_irsa,3
licences_elasticache_redis,3
laa_sds_equiniti,3
laa-check-client-qualifies-elasticache,3
kubernetes_ingress_v1,3
kms_key_rds,3
"int_test_fleet[""roles/iam",3
in_cell_queue,3
peoplefinder_opensearch,3
hmpps_subject_access_request_worker,3
hmpps_workload_offender_events_dead_letter_queue,3
hmpps_workload_notification_queue,3
hmpps_workload_notification_dead_letter_queue,3
hmpps_user_preferences_rds,3
hmpps_unused_deductions_queue,3
hmpps_unused_deductions_dead_letter_queue,3
hmpps_temporary_accommodation_ui,3
hmpps_subject_access_request_html_renderer,3
hmpps_workload_person_on_probation_dead_letter_queue,3
hmpps_subject_access_request_api,3
hmpps_subject_access_request-ui,3
hmpps_single_accommodation_service_ui,3
hmpps_single_accommodation_service_api,3
hmpps_san_domain_events_queue,3
hmpps_san_domain_events_dlq,3
hmpps_risk_assessment_ui,3
hmpps_workload_offender_events_queue,3
hmpps_workload_person_on_probation_queue,3
in_cell_dead_letter_queue,3
iam_role_tgw_this_region,3
ims_audit_files_storage_bucket,3
ibm_is_lb,3
iam_roles_root,3
iam_roles_network,3
iam_roles_datadog_secrets,3
iam_roles_config_secrets,3
iam_roles_auth0_provider,3
iam_role_tgw_home_region,3
hmpps_workload_prisoner_dead_letter_queue,3
iam_arns,3
hwpv_sqlserver,3
hwpv_elasticache_redis,3
hwpv_document_s3_bucket,3
hmpps_workload_staff_queue,3
hmpps_workload_staff_dead_letter_queue,3
hmpps_workload_prisoner_queue,3
manage-people-on-probation-ui-service-account,3
manage-pom-cases-and-delius-dlq,3
manage-pom-cases-and-delius-queue,3
offender-event-queue,3
offender_categorisation_ui_events_dead_letter_queue,3
offender_categorisation_events_queue,3
offender_categorisation_events_dead_letter_queue,3
offender_categorisation_api_queue_for_domain_events_dead_letter_queue,3
offender_categorisation_api_queue_for_domain_events,3
offender_assessments_events,3
offender-events-and-delius-service-account,3
offender-event-dlq,3
offender_events,3
offender-categorisation,3
oc_elasticache_redis,3
nsg-flow-logs,3
non_residential_locations_ui_elasticache_redis,3
nomis_migration_rds,3
nameadb,3
monitor_autoscale_setting,3
offender_categorisation_ui_events_queue,3
official_visits_domain_events_dlq,3
manage-pom-cases-and-delius-service-account,3
pathfinder_api_queue_for_domain_events_dead_letter_queue,3
pcms_elasticache_redis,3
pathfinder_probation_offender_events_queue,3
pathfinder_probation_offender_events_dead_letter_queue,3
pathfinder_offender_events_queue,3
pathfinder_offender_events_dead_letter_queue,3
pathfinder_elasticache_redis,3
pathfinder_document_s3_bucket,3
pathfinder_api_queue_for_domain_events,3
official_visits_domain_events_queue,3
origin,3
"organization_policies_type_boolean_prj_d_shared_base_override[""iam",3
"organization_policies_type_boolean_fldr_override[""iam",3
opensearch_alert_app_log,3
opd-and-delius-service-account,3
opd-and-delius-queue,3
opd-and-delius-dlq,3
migration_visitslots_queue,3
migration_visitslots_dead_letter_queue,3
migration_visits_queue,3
manage_soc_cases_rds_to_s3_bucket,3
migration_activities_dead_letter_queue,3
mercury_data_entities_bucket,3
matching_notifications_topic,3
matching_notifications_queue,3
matching_notifications_dlq,3
match_learner_record_ui_elasticache_redis,3
managed_node_group,3
manage_soc_cases_probation_offender_events_queue,3
migration_visits_dead_letter_queue,3
manage_soc_cases_probation_offender_events_dead_letter_queue,3
manage_soc_cases_offender_events_queue,3
manage_soc_cases_offender_events_dead_letter_queue,3
manage_soc_cases_elasticache_redis,3
manage_soc_cases_document_s3_bucket,3
manage_offences_rds,3
manage-supervision-and-delius-service-account,3
migration_activities_queue,3
migration_allocations_dead_letter_queue,3
migration_allocations_queue,3
migration_appointments_dead_letter_queue,3
migration_prisonerbalance_queue,3
migration_prisonerbalance_dead_letter_queue,3
migration_prisonbalance_queue,3
migration_prisonbalance_dead_letter_queue,3
migration_officialvisits_queue,3
migration_officialvisits_dead_letter_queue,3
migration_incidents_queue,3
migration_incidents_dead_letter_queue,3
migration_externalmovements_queue,3
migration_externalmovements_dead_letter_queue,3
migration_courtsentencing_queue,3
migration_courtsentencing_dead_letter_queue,3
migration_coreperson_queue,3
migration_coreperson_dead_letter_queue,3
migration_appointments_queue,3
hmpps-court-case-data-migration-service,3
hmpps_prisoner_to_nomis_organisations_dead_letter_queue,3
hmpps-change-someones-cell,3
email_notifications_queue,3
cas2-and-delius-queue,3
cas2-and-delius-dlq,3
calculate_release_dates_api_rds,3
elasticsearch,3
calculate-journey-variable-payments_s3_bucket,3
email_notifications_dlq,3
email_notifications_topic,3
eks_cluster,3
bulk_comparison_queue,3
bulk_comparison_dead_letter_queue,3
esupervision-and-delius-dlq,3
esupervision-and-delius-queue,3
esupervision-and-delius-service-account,3
event_cats_dead_letter_queue,3
cas2-and-delius-service-account,3
cas3-and-delius-dlq,3
github-automation-ui,3
cfo_probation_dead_letter_queue,3
cloudbuild_script,3
cloud_run,3
cla_backend_rds_postgres_14_replica,3
cla_backend_metabase_rds,3
cfo_queue,3
cfo_probation_queue,3
cfo_dead_letter_queue,3
cas3-and-delius-queue,3
edu_rds,3
certificate,3
education_work_plan_ui_elasticache_redis,3
cdn,3
case-notes-api,3
cas3-and-delius-service-account,3
event_cats_queue,3
event_mapps_dead_letter_queue,3
event_mapps_queue,3
full_access,3
aws_glacier_vault,3
aws_db_cluster_snapshot,3
aws_athena_database,3
aws_appflow_flow,3
avm_res_network_virtualnetwork,3
frontend_redis,3
autoscale_group,3
event_plp_dead_letter_queue,3
authorized-keys,3
aurora_postgres,3
asset-manager-container,3
assessment-summary-and-delius-service-account,3
assessment-summary-and-delius-queue,3
assessment-summary-and-delius-dlq,3
aws_glue_crawler,3
aws_kinesis_video_stream,3
aws_ssoadmin_managed_policy_attachment,3
azure,3
backend_elasticache_redis,3
bankwizard_artifact_bucket,3
base_peering_net,3
breach-notice-and-delius-dlq,3
breach-notice-and-delius-queue,3
external-movements-ui,3
external-movements-api,3
breach-notice-and-delius-service-account,3
evidencelibrary_rds,3
evidencelibrary_document_s3_bucket,3
event_pnd_queue,3
event_pnd_dead_letter_queue,3
event_plp_queue,3
cloudtrail_s3_bucket,3
cluster,3
hmpps-cell-sharing-risk-assessment-ui,3
domain_events_sqs_queue,3
create-and-vary-a-licence-and-delius-service-account,3
document_storage_s3_bucket,3
create-and-vary-a-licence-and-delius-queue,3
domain-events-and-delius-service-account,3
domain_events_sqs_dlq,3
create-and-vary-a-licence-and-delius-dlq,3
dpr_tools_assume_role,3
cpr_delius_merge_events_dead_letter_queue,3
cpr_nomis_merge_events_queue,3
cpr_nomis_merge_events_dead_letter_queue,3
cpr_nomis_events_queue,3
cpr_nomis_events_dead_letter_queue,3
cpr_delius_offender_events_queue,3
cpr_delius_offender_events_dead_letter_queue,3
create_an_order_api_irsa,3
create_and_vary_a_licence_api_read_replica,3
create_link_queue,3
create_link_queue_dead_letter_queue,3
csc_redis,3
csip-api,3
csip-ui,3
curious_dead_letter_queue,3
curious_queue,3
custody-key-dates-and-delius-dlq,3
custody-key-dates-and-delius-queue,3
custody-key-dates-and-delius-service-account,3
cvl_prison_events_dead_letter_queue,3
cvl_prison_events_queue,3
data_ecr,3
db,3
default,3
cpr_delius_merge_events_queue,3
dps_redis,3
common-platform-and-delius-dlq,3
community-payback-and-delius-service-account,3
court-case-and-delius-queue,3
court-case-and-delius-dlq,3
ec2_instance,3
contact_moj_elasticache_redis,3
contact-moj_rds,3
component-api,3
community-payback-and-delius-queue,3
drupal_content_storage_2,3
community-payback-and-delius-dlq,3
common-platform-and-delius-service-account,3
common-platform-and-delius-s3-bucket,3
common-platform-and-delius-queue,3
common-platform-and-delius-fifo-queue,3
common-platform-and-delius-fifo-dlq,3
ec-cluster-offender-management-allocation-manager,3
court-case-and-delius-service-account,3
court-case-service_pod,3
court-register-api-rds,3
court_case_events_fifo_dead_letter_queue,3
court_case_events_fifo_queue,3
eawp_assessment_events_queue,3
cpr_court_cases_dead_letter_queue,3
eawp_assessment_events_dead_letter_queue,3
cpr_court_cases_queue,3
cpr_court_topic,3
cpr_delius_delete_events_dead_letter_queue,3
dynamodb-cluster,3
dynamodb,3
cpr_delius_delete_events_queue,3
drupal_redis,3
drupal_rds,3
github-automation-api,3
build_logs,3
activities_domain_events_queue,3
graceful_scale_in,3
allocation-rds,3
hmpps-activities-management,3
grafana_api_key,3
hmpps-activities-management-api,3
hmpps-alerts-ui-service-account,3
hmpps-allocate-key-workers-ui-service-account,3
grafana,3
hmpps-audit-api-irsa,3
allocation-rds-read-replica,3
hmpps-audit-poc-api,3
accommodation_data_domain_rds,3
hmpps-authorization_api,3
hmpps-book-a-video-link-api,3
hmpps-book-a-video-link-ui,3
apply-for-legal-aid-rds,3
approved-premises-and-delius-dlq,3
hmpps-accommodation-data-domain-api,3
historical_prisoner_rds,3
approved-premises-and-delius-service-account,3
hdc_domain_events_dead_letter_queue,3
adjustments_rds,3
activities_rds_read_replica,3
analytical_platform_s3_bucket,3
activities_domain_events_dead_letter_queue,3
glue_catalog_database,3
alz,3
alloydb,3
hdc_domain_events_queue,3
historical_prisoner_irsa,3
global_accelerator,3
accredited-programmes-and-delius-service-account,3
help-with-prison-visits-asynchronous-worker,3
accredited-programmes-and-delius-queue,3
accredited-programmes-and-delius-dlq,3
help-with-prison-visits-external,3
help-with-prison-visits-internal,3
approved-premises-and-delius-queue,3
grafana_rds,3
hmpps-cell-sharing-risk-assessment-api,3
aks,3
org_kms,2
confidential_space,2
consul_iam_policies_servers,2
consul_cluster,2
consul,2
vm_hub_vnet-spoke-vhub,2
oci_file_storage_file_system,2
vm_spoke,2
config_bucket,2
cloud_platform_reports_dynamodb,2
cloud_router,2
cloudtrail_bucket,2
vm_spoke_1,2
pfactory_project,2
vm_spoke_2,2
cloudflare_load_balancer_pool,2
cloudfront-production,2
cloudfront-staging,2
vnet-spoke-vhub,2
"cicd_sched[""roles/iam",2
prison_visit_booker_reg_rds,2
prison_visit_booker_registry_rds,2
nfsfilerephemeral,2
network-region3,2
network-region4,2
vpc-production,2
vpc-integration,2
vpc-ephemeral,2
networking[0],2
chat-staging,2
nfsbridge,2
check-my-diary,2
vnet_addr,2
nlb,2
container_registry,2
container_definition,2
agent_to_cloud_run,2
nsg2,2
check_my_diary_redis,2
checkmydiary_rds,2
vnet_addr_aro,2
pathfinder_rds_to_s3_bucket,2
vm_tgw_hub_az1[0],2
cluster-services-production,2
parameter_store_write,2
opensearch-staging,2
vm_tgw_hub_it[0],2
vm_tgw_hub_az2[1],2
cluster-access-staging,2
cluster-infrastructure-integration,2
cmd-api,2
cluster-infrastructure-production,2
cluster_vpc,2
openstack_compute_secgroup_v2,2
openstack_networking_secgroup_rule_v2,2
cluster-infrastructure-staging,2
org_skip_default_network,2
cluster_services,2
cluster_infrastructure,2
cluster-services-integration,2
vm_tgw_hub_az2[0],2
cluster_access,2
org_billing_export,2
cluster-services-staging,2
opensearch-production,2
opensearch-integration,2
cluster-access-production,2
onprem_subnet_addrs,2
os_snapshots_s3_bucket,2
"organization_policies_type_boolean_prj_d_shared_base_override[""storage",2
"organization_policies_type_boolean_prj_d_shared_base_override[""sql",2
vm_tgw_hub_az1[1],2
"organization_policies_type_boolean_fldr_override[""storage",2
okta_api_user,2
onprem,2
onprem-example-dns-forwarding,2
"organization_policies_type_boolean_fldr_override[""sql",2
network-region2,2
cluster-access-integration,2
onramp_fgt,2
onramp_vm,2
onramp_vnet-fgt,2
common_kms,2
vnet-spoke-fgt,2
vnet-fgt,2
vm_vhub-vnets,2
vm_tgw_hub_ot[0],2
synthetic-test-integration,2
network-region1,2
laa_laa_rds_postgres_14,2
laalaa_sqs,2
datagovuk-infrastructure-production,2
datagovuk-infrastructure-integration,2
lambda_function,2
lambda_no_log_detection,2
landing-firewall,2
landing-nat-uc1,2
landing-project,2
landing-to-dev-uc1-vpn,2
landing-to-onprem-uc1-vpn,2
landing-to-prod-uc1-vpn,2
landing-to-prod-uw2-vpn,2
landing-vpc,2
lb-http,2
datadog_synthetics_private_location,2
lb_security_group,2
linux_function_app,2
local-example-dns-private-zone,2
logging-integration,2
logging-production,2
logging-staging,2
datagovuk-infrastructure-staging,2
laa_crime_apps_team_ecr_credentials,2
ncc_private,2
datagovuk_infrastructure,2
kueue,2
dms_replication_source,2
dms_replication_instance,2
la_asm_cluster,2
dms_replication,2
la_firebase_project,2
dev-to-landing-uc1-vpn,2
dev-spoke-vpc,2
dev-spoke-project,2
dev-spoke-firewall,2
dev-spoke-cloudnat,2
dev-sec-project,2
dev-sec-kms,2
dev-reverse-10-dns-peering,2
dev-landing-root-dns-peering,2
dev-dns-private-zone,2
la_generative_ai,2
la_gke_autopilot,2
la_random_region,2
db_roundtable,2
wireguardsecondaryconnection,2
datadog_bucket,2
cyclecloud,2
custom_network,2
custom_module,2
mobile-backend-production,2
actions_runner,2
actions_runner_controller,2
mobile-backend-staging,2
vpc_spoke_2,2
module-test,2
vpc_spoke_1,2
vpc_spoke,2
mount_nfs,2
mssql_database,2
chat-integration,2
mysql-db,2
activities_rds,2
vpc_network,2
vpc_cni_irsa,2
vpc_ai_workbench[0],2
vpc2,2
vpc-staging,2
nat,2
nat_gw,2
vpc-sc,2
mobile-backend-integration,2
"act_as[""roles/iam",2
acm_request_certificate,2
csp-reporter-production,2
wireguardsecondary,2
wireguardprimaryconnection,2
wireguardprimary,2
managed_grafana,2
weaviate_cluster,2
mandd_dlq,2
mandd_queue,2
csr-api,2
csp-reporter-staging,2
csp-reporter-integration,2
accounts,2
metadata-api-rds-instance,2
waf,2
cross_service_pod,2
cross_irsa,2
account_alerts,2
vwan_vnet-spoke,2
migration_link_exchange_api,2
migration_link_exchange_ui,2
vwan,2
chat-production,2
vm,2
vm_hub_vnet-spoke-fgt,2
tfstate_backend,2
azure_bastion,2
tgw_hub_connect,2
aws_waf,2
app-eng,2
aws_saml,2
tgw_home_region,2
reverse-10-dns-forwarding,2
aws_imagebuilder_image_recipe,2
aws_imagebuilder_distribution_configuration,2
aws_iam_group_policy_attachment,2
aws_guardduty_detector,2
aws_globalaccelerator_accelerator,2
vm_fgt_ot_box[0],2
root-dns-ephemeral,2
root-dns-integration,2
root-dns-production,2
root-dns-staging,2
app_security_group,2
route53_rds_single_mysql_cname,2
aws_elasticache_security_group,2
rs,2
runner-gke,2
aws_ecr_repository_policy,2
aws_ebs_encryption_by_default,2
azure_east_shared_subnet_addrs,2
release-staging,2
release-production,2
release-integration,2
tgw_hub_ot_vpc-spoke[0],2
tgw_hub_ot,2
branch[0],2
billing-alert,2
rds-instance-staging-migrated,2
rds-integration,2
rds-production,2
rds-staging,2
"base_restricted_environment_network[""nonproduction""]",2
"base_restricted_environment_network[""non-production""]",2
base_restricted_environment_network,2
rds_postgresql,2
rds_single_mysql,2
tgw_hub_it_vpc-spoke[0],2
tgw_hub_it,2
redshift_sg,2
azurerm_eventhub_namespace,2
azurerm_automation_variable_string,2
region_node_group,2
azureopenai,2
azuredevops_project,2
azure_region,2
azure_east_spoke_subnet_addrs,2
application-events-dlq,2
s3-irsa,2
application-events-queue,2
"servacct-compute-add-permissions[""roles/pubsub",2
serverless-connector,2
service,2
service-accounts,2
service_accounts,2
service_network,2
service_pod_irsa,2
sg,2
sg_single_db_mysql,2
single_project_vpc,2
snowflake_account,2
sonarqube_monitor_autoscale_setting,2
synthetic-test-staging,2
synthetic-test-production,2
arm_base_resource_group,2
source_postgres_cluster,2
spaces,2
spoke_network,2
squid,2
ssm_parameters,2
sso,2
"startup_vm_sa_roles[""roles/iam",2
storageaccount,2
subnet,2
"servacct-compute-add-permissions[""roles/run",2
argocd,2
application-events-sns-topic,2
"servacct-compute-add-permissions[""roles/cloudfunctions",2
s3_inventory_reports,2
aws-vpn-docker-vpc,2
aws-vpn-docker-security-group,2
aws-vpn-docker-ec2,2
apply-for-legal-aid-elasticache,2
avm-res-containerservice-managedcluster,2
autoscaler,2
auth0_tenant,2
sdw_data_ingest_bq_dataset,2
searchservice,2
aurora_postgresql_v2,2
test_module,2
security-integration,2
security-production,2
security-staging,2
atlantis,2
security_hub,2
assume_role,2
"servacct-cloud-build-add-permissions[""roles/cloudbuild",2
"servacct-cloud-build-add-permissions[""roles/iam",2
appsync_athena_resolver,2
appsync_lambda_datasource,2
target_postgres_cluster,2
tgw_hub_routes,2
tgw_hub_vpc-spoke[0],2
random_rds_single_mysql_password,2
prod-sec-kms,2
prod-spoke-cloudnat,2
alb-controller,2
prod-spoke-firewall,2
prod-spoke-project,2
prod-spoke-vpc,2
prod-to-landing-uc1-vpn,2
prod-to-landing-uw2-vpn,2
alb_controller_ingress_group,2
project-services-subscr-seed,2
project-services-subscr-with-vpcsc,2
cachewarmer_worker_install[0],2
project_factory,2
cachewarmer_submitjobs[0],2
cachewarmer_prepare_bootstrapdir[0],2
cachewarmer_manager_install[0],2
cachewarmer_build,2
project_radlab_gen_ai[0],2
project_radlab_sdw_conf_data,2
project_radlab_sdw_data_govern,2
project_radlab_sdw_data_ingest,2
utility_subnets,2
alerts,2
project_radlab_sdw_non_conf_data,2
prod-sec-project,2
prod-reverse-10-dns-peering,2
projects[0],2
prod-landing-root-dns-peering,2
aiplatform_workload_identity,2
vm_bastion_oci,2
vm_bastion_azure,2
vm-import,2
supervisors_elasticache_redis,2
cert-manager,2
cdn-analytics-staging,2
cdn-analytics-production,2
cdn-analytics-integration,2
visit_scheduler_rds,2
castai-aks-cluster,2
visit_scheduler_pg_rds,2
virtualnetwork_project,2
virtualnetwork_management,2
virtualnetwork_hub_intranet_ingress,2
virtualnetwork_hub_intranet_egress,2
virtualnetwork_hub_internet_ingress,2
virtualnetwork_hub_internet_egress,2
private_subnets,2
virtualnetwork_devops,2
process_email_notifications_queue,2
process_email_notifications_queue_dead_letter_queue,2
prod-dns-private-zone,2
"project_scc_default_service_account[""roles/cloudfunctions",2
projects[1],2
tgw_hub_vpc-spoke[1],2
r1_spoke_vnet_vm[1],2
build,2
budget,2
r2_hub_azure_core,2
r2_hub_azure_core_config,2
anvil3,2
anvil4,2
r2_hub_azure_core_vnet,2
r2_hub_azure_xlb,2
anvil_configure3,2
anvil_configure4,2
r2_hub_vnet_spoke[0],2
token_verification_api,2
time_sleep,2
r2_hub_vnet_spoke_vm[0],2
bucket_policy,2
r3_hub_azure_core,2
r3_hub_azure_core_config,2
ap_service_pod,2
tgw_this_region,2
r3_hub_azure_core_vnet,2
r3_hub_azure_xlb,2
r3_hub_vnet_spoke[0],2
r3_hub_vnet_spoke_vm[0],2
r1_vwan,2
r1_spoke_vnet[1],2
projects[2],2
build_binary_authz_image,2
projects[3],2
provision-ai-training-infra,2
publ-project-factory,2
alicloud_security_group_rule,2
public_ip1,2
public_ip_firewall2,2
qa,2
r1_fgt_spoke[1],2
r1_fgt_spoke_config[1],2
r1_fgt_spoke_vnet[1],2
r1_hub_azure_sdwan,2
r1_hub_azure_sdwan_config,2
r1_hub_azure_sdwan_vnet,2
r1_hub_on_prem_vm,2
bulk_comparison_alt_queue,2
bulk_comparison_alt_dead_letter_queue,2
r1_hub_vnet_spoke[0],2
dms_replication_target_apnortheast1,2
r1_hub_vnet_spoke_vm[0],2
r1_on_prem_vnet_spoke,2
r1_spoke_config[0],2
r1_spoke_rs[1],2
transitgateway,2
dms_replication_subscription,2
0,2
dms_replication_target_apsoutheast2,2
github-actions-runners_gh-runner-mig-vm,2
irsa-cashbook,2
irsa-bank-admin,2
ec-cluster-prison-visits-booking-staff,2
hmpps_cp_domain_events_dlq,2
hmpps_cp_domain_events_queue,2
echo_server,2
hmpps_developer_portal,2
ecr-production,2
github_repository_webhook,2
github_actions_serviceaccount,2
"int_test_connection_admin[""roles/iam",2
infra,2
gha_assume_role,2
irsa-deploy,2
hmpps_github_discovery,2
hmpps_health_ping,2
gcp-ga4-analytics,2
gcp-example-dns-private-zone,2
image_builder_role,2
gce_instance,2
gce-lb-http,2
gcb_bucket,2
identify_remand_periods_rds,2
gateway_subnet,2
frontend_azure_subnet_addrs,2
ecr_repo,2
ebs_csi_irsa,2
irsa-emails,2
ecs-service,2
dnsserver[0],2
gov-graph-dev,2
googleapis-private-zone,2
google_vertex_ai_metadata_store,2
google_folder_iam_binding,2
google_cloudfunctions_function_iam_member,2
glue_workflow,2
glue_registry,2
glue_job,2
dms_replication_task_westus2,2
glue_catalog_table,2
kms_key_cloudtrail,2
dns_zone_private,2
key_vault,2
hmpps_component_dependencies,2
kek,2
hmpps_assess_risks_and_needs_oastub_ui,2
karpenter_crd,2
kafka,2
jumpbox1,2
dsx3,2
hmpps_authorization,2
dsx4,2
gke_auth,2
irsa-send-money,2
hmpps_community_payback_supervisors_ui,2
irsa-noms-ops,2
ecs,2
ecs_alb_service_task,2
gov-graph-staging,2
fgt_hub_it_vpc,2
elasticache-staging,2
elasticsearch-green-integration,2
elasticsearch-green-production,2
elasticsearch-green-staging,2
elasticsearch-integration,2
fgt_hub_vpc,2
hmpps_veracode_discovery,2
fgt_hub_ot_vpc,2
fgt_hub_ot_config,2
elasticsearch-production,2
elasticsearch-staging,2
fgt_hub_ot,2
hmpps_trivy_discovery,2
elasticache-production,2
hmpps_terraform_discovery,2
elasticsearch_log_cleanup,2
fgt_hub_it_config,2
fgt_hub_it,2
elb_http,2
fgt-site-ha,2
external-dns,2
example_team_s3_bucket,2
hmpps_slack_relay_bot,2
hmpps_sharepoint_discovery,2
hmpps_service_catalogue_template,2
hmpps_service_catalogue_strapi5,2
fgt_ips-fwr,2
elasticache-integration,2
iam_role,2
fgt_spoke_vnet,2
ecs_cluster,2
iam_label,2
folder,2
iam_github_oidc_role,2
flow_logs_bucket,2
iam_github_oidc_provider,2
editor-rds-instance,2
finance,2
fgtha,2
fgtgcp,2
fgt_vm_bastion,2
fgt_vcn,2
fgt_spoke_config,2
eks_iam_role,2
"eks[""myekscluster1""]",2
hub_vnet-fgt,2
hub_vm,2
hub_mesh,2
hub_fgt,2
"eks[""myekscluster2""]",2
eks_iam_policy,2
fgt_spoke,2
fgt_ot_box_vpc[0],2
fgt_ot_box_config[0],2
hr,2
fgt_ot_box[0],2
gov-graph-production,2
env_kms_project,2
govuk-publishing-infrastructure-integration,2
dms_replication_task_apnortheast1,2
dms_replication_target_westus2,2
dms_replication_task_westeurope,2
grafana_irsa,2
dms_replication_target_euwest2,2
gwlb,2
kubernetes_config_map,2
hmpps-auth_irsa,2
group,2
gwlbe,2
dms_replication_task_apsoutheast2,2
dms_replication_task_cacentral1,2
dms_replication_task_eucentral1,2
dms_replication_task_euwest2,2
hmpps-external-users-api,2
guardduty,2
hmpps-external-users_api,2
grafana_irsa_iam_policy,2
govuk-publishing-infrastructure-staging,2
hmcts-complaints-adapter-rds-instance,2
dms_replication_target_cacentral1,2
kubernetes_role_binding,2
govuk-reports-integration,2
kubernetes_role,2
dms_replication_target_westeurope,2
dms_replication_target_eucentral1,2
hmpps-probation-in-court-automation-tests-service,2
govuk-publishing-infrastructure-production,2
aws_ami_launch_permission,1
s3_athena_query_results_bucket,1
hmpps_mandd_events_queue,1
hmpps_mandd_events_dlq,1
s3_private_ca_bucket,1
vpn,1
s3_artifacts_bucket,1
s3_backups_bucket,1
s3_bucket[0],1
aws_config_label,1
hmpps_one_plan_api,1
s3_bucket_app_deployment,1
s3_bucket_archive,1
s3_bucket_notifications_component,1
aws_config_configuration_aggregator,1
vpcs_this_region,1
aws_config,1
"s3_buckets[""laa-sds-equiniti""]",1
s3_access_iam_role,1
formbuilder_product_page_ecr_credentials,1
hmpps_matomo_dev,1
s3_context,1
formbuilder_product_page_staging_ecr_credentials,1
vpcs_home_region,1
s3_advantis_bucket,1
s3-dev-test,1
s3_access_iam_policy,1
flow_logs_s3_bucket,1
hmpps-manage-users-ui,1
rsp_demo_pipeline_accounts,1
rsp_demo_gke_pipeline_accounts,1
vpn_ha_cb_to_onprem,1
hmpps-manage-users-temp-rewrite,1
aws_efs_csi_driver_eks_iam_role,1
accounts_service_control_policies,1
route53_resolver_dns_firewall,1
rsp_dev_pipeline_accounts,1
floating_project_restricted,1
account_settings,1
root_admin_stack_config,1
root_admin_stack,1
hmcts_mock_api_rds_instance,1
floating_project_base,1
fleetscope_infra,1
rsp_dev_gke_pipeline_accounts,1
rsp_int_gke_pipeline_accounts,1
s3-log-archive-bucket,1
s3-bucket-lb,1
folders,1
folder_seed,1
s3-enable-replication,1
heartbeat,1
s3-bucket_example_complete,1
s3-bucket-ukcloud-replica,1
s3-bucket-logging,1
s3-bucket-dbbackup,1
rsp_int_pipeline_accounts,1
aws_ebs_csi_driver_eks_iam_role,1
vpn_connection,1
aws_ebs_csi_driver_fargate_profile,1
aws_ebs_csi_driver_iam_role,1
folder_network,1
folder_iam,1
folder_common,1
aws-certs,1
"functions_default_iam[""roles/run",1
health_check_firewall_rule,1
artifacts_user,1
service-account-circleci,1
vpc_project,1
gh_oidc,1
"artifact_registry[""node-readiness-controller""]",1
gh_cicd,1
"artifact_registry[""secrets-store-sync""]",1
get_user_details_function,1
"artifact_registry[""test-infra""]",1
get_product_lambda,1
function_app,1
get_loyalty_points_lambda,1
get_activity_lambda,1
hmpps_github_actions_runner,1
hmpps_github_actions_runner_security,1
vpc_region1,1
gcr,1
sentinel_forwarder,1
sensitive-variables,1
service-account-github-actions,1
hmpps_electronic_monitoring_crime_matching_ui,1
"artifact_registry[""minikube""]",1
"artifact_registry[""maintainer-tools""]",1
service_vm,1
service_quotas,1
hmpps_electronic_monitoring_crime_matching_algorithm,1
"artifact_registry[""karpenter-cluster-api""]",1
hmpps_electronic_monitoring_crime_matching_algorithm_container_repository,1
service_domain,1
service_control_policy_statements_yaml_config,1
gha_runner_controller,1
"artifact_registry[""kind""]",1
"service_account_roles[""roles/dataflow",1
"artifact_registry[""kro""]",1
service_account_panda,1
"artifact_registry[""kubemark""]",1
service_account_2,1
"artifact_registry[""kubernetes""]",1
"artifact_registry[""kueue""]",1
"artifact_registry[""lws""]",1
association_resource_components,1
vpc_region2,1
athena,1
auth0_apps,1
auth0_ssm_parameters,1
gbl_dns_delegated,1
sas_domain_events_queue,1
sas_domain_events_dlq,1
sap_s4_ha,1
sap_s4,1
sap_nw_ha,1
handle_user_created_lambda,1
sap_nw,1
sap_hana_ha,1
sap_hana,1
saml_sso_providers,1
health-kick,1
autopilot,1
hmpps-approved-premises-future-manage-api,1
"functions_default_iam[""roles/cloudfunctions",1
autoscaler_role,1
schedule,1
scheduled_query_sa,1
seed_project,1
scraper_access,1
athena_logs_bucket,1
vpc_routes_home,1
security_group[0],1
vpc_routes_this,1
gcloud_wait_for_cluster,1
gcloud_delete_default_kube_dns_configmap,1
handle_inventory_stock_reservation_failed_function,1
handle_inventory_stock_reserved_function,1
atmos,1
audit_log_config,1
aurora_db,1
secrets_manager_irsa,1
gce-lb-https,1
aurora_postgres_cluster,1
handle_order_completed_lambda,1
hmpps_james_bootstrap,1
hmpps-offender-events-ui,1
firewall_rules,1
web_vms,1
fileupload_queue,1
rds-read-replica,1
basic_auth_ssm_parameters,1
rds_aurora_custom2,1
rds_aurora_custom,1
bastion_autoscale_group,1
bigquery_cost_analysis,1
bigquery_destination,1
fargate_pod_execution_role,1
fabric-project,1
external_dns,1
rds-mtn,1
billing,1
external_ssm_secrets,1
external_secrets_operator,1
external_secrets_iam_role,1
bind-server,1
external_id,1
rds_aurora_legacy_test_gen,1
rds_client_sg,1
fargate_profile,1
rds_instance_postgres,1
base_gcr,1
accepter_role_arns,1
abundant_namespace_sqs,1
abundant_namespace_dev_sns,1
rds_security_group,1
rds_replica,1
rds_refresh,1
rds_proxy,1
fgt_hamgmt_network,1
a2_8_partition,1
base_peering_project,1
base_pkg_dev,1
fgt_ext_network,1
rds_monitoring_role,1
a2_8_nodeset,1
external_dns_iam_role,1
a2_16_partition,1
base_cicd,1
event_bmadley_dead_letter_queue,1
hmpps_probation_estate_dev,1
hmpps_probation_estate_preprod,1
build_ai_run_image_image,1
hmpps_probation_estate_prod,1
hmpps_probation_in_court_prepare_a_case_ui_elasticache_redis,1
event_bmadley_queue,1
build_confidential_space_image,1
escalation,1
expressroute_gateway,1
equip-s3-bucket,1
epo_prod_pipeline_accounts,1
epo_int_pipeline_accounts,1
build_mc_run_image_image,1
"environment_network[""production""]",1
"environment_network[""nonproduction""]",1
"environment_network[""development""]",1
event_harness_api_lambda[0],1
budgets,1
budget_notifier,1
event_harness_event_bridge_lambda[0],1
bucket[0],1
execute_point_service_account,1
execute_point_instance_template,1
example_team_dynamodb,1
event_zkhan_queue,1
event_zkhan_dead_letter_queue,1
event_test_client_queue,1
event_test_client_dead_letter_queue,1
bucket_reader_account,1
a2_16_nodeset,1
bucket_writer_account,1
event_moj_esw_queue,1
event_moj_esw_dead_letter_queue,1
event_kilco_queue,1
event_kilco_dead_letter_queue,1
read_replica_metabase,1
workflow_scheduler_sa,1
fileupload_dlq,1
aws_timestreamwrite_database,1
access_point_instance_template,1
aws_node_termination_handler,1
aws_route,1
access_level_members,1
aws_ses_configuration_set,1
access_level_allow_corp,1
aws_team_roles,1
access_level_allow_all,1
renovate_irsa,1
resource-group,1
access_context_manager_policy,1
az_abbreviation,1
requester_vpc,1
requester_virtual-network-peering,1
requester_role_arns,1
acceptor_virtual-network-peering,1
access_point_service_account,1
webportal_ecr,1
restricted_peering_project,1
webportal_api_ecr,1
role,1
account_id,1
hmpps-arns-frontend-components,1
aws_iam_policy_attachment,1
aws_imagebuilder_component,1
hmpps-audit-api,1
hmpps-audit-poc-ui,1
aws_kendra_index,1
rg,1
web_bucket,1
"artifact_registry[""ingress-nginx""]",1
account,1
webhook_github_app,1
aws_lb_controller_iam_role,1
aws_load_balancer_controller_irsa,1
fgt_nis,1
remote_supervision_s3,1
wmt_worker_prod,1
redis_operator,1
azurerm_automation_variable_bool,1
hmpps_prisoner_pay_ui,1
wmt_web_dev,1
azurerm_iothub,1
wmt_web_preprod,1
redshift_cluster,1
redis_secondary,1
wmt_web_prod,1
remote_state,1
azurerm_linux_web_app_slot,1
azurerm_windows_web_app_slot,1
redis_cache,1
wmt_worker_dev,1
backup,1
wmt_worker_preprod,1
realtime-asset-monitor,1
hmpps_prisoner_pay_orchestrator_api,1
hmpps_prisoner_pay_api_jobs_queue,1
hmpps_prisoner_pay_api_jobs_dlq,1
hmpps_prisoner_pay_api,1
remote_datadog_monitors_yaml_config,1
"remote[""kube_version""]",1
hmpps_prisoner_finance_general_ledger_dev,1
hmpps_prisoner_finance_general_ledger_preprod,1
hmpps_prisoner_finance_general_ledger_prod,1
hmpps-authorization-api,1
regular_service_perimeter_subscr_with_vpcsc,1
regular_service_perimeter_bq_src_ds,1
regular_service_perimeter_bq_shared_ds,1
regular_service_perimeter_bq_fed_ds,1
regular_service_perimeter_bq_and_ah,1
regular_service_perimeter_ah,1
hmpps-court-data-ingestion-api-rds,1
regular_service_perimeter,1
register_user_function,1
"artifact_registry[""jobset""]",1
serviceaccount_formbuilder-av-test-production,1
"artifact_registry[""ingate""]",1
agones_allocator_sa,1
hmpps_assess_risks_and_needs_test_rds,1
global-db-cluster-test,1
gke_non_preemtible,1
gke_node_scaler_workflow_sa,1
gke_merge,1
gke_extra_large_non_preempt,1
tgw_cross_region_connector,1
tfstate_bucket,1
gke_extra_large,1
tfstate,1
tfc_cicd,1
gke_dev,1
tfc-oidc,1
vpc1,1
tfc-configuration,1
app_service_plan,1
gke_cluster_upgrade_notifier_secret_accessor_binding,1
hmpps_assess_risks_and_needs_prod_rds,1
tgw_hub_primary_region,1
app-1,1
api_gateway_rest_api,1
token_varification_api,1
token-verification-api,1
token,1
hmpps_assess_risks_and_needs_integrations_prod_elasticache_redis,1
ap_landing_bucket,1
hmpps_assess_risks_and_needs_integrations_prod_rds,1
api_gateway_account_settings,1
hmpps_assess_risks_and_needs_integrations_test_elasticache_redis,1
grafana_monitor_autoscale_setting,1
app-0,1
tgw_routes_this_region,1
hmpps-probation-in-court-prepare-a-case-ui,1
tgw_routes_home_region,1
hmpps_assess_risks_and_needs_integrations_test_rds,1
tgw_hub_this_region,1
hmpps_assess_risks_and_needs_preprod_rds,1
guardduty_delegated_detector,1
hmpps_authorization_rds,1
admin_groups,1
archive_bucket,1
teleport_role_name,1
teleport_backend,1
additional_dns_components,1
teams,1
adda_domain_events_queue,1
team,1
target_security_group,1
gitlab_cicd,1
vpc_cni_eks_iam_role,1
hmpps_content_hub_ui,1
target_group_label,1
tags,1
tag_image_iam_role,1
vpc_example_complete-vpc,1
system_status_static_site,1
vpc_flow_logs_bucket[0],1
hmpps-prisoner-communication-monitoring-api,1
tempo_iam_role,1
application_insights,1
vpc_ai_notebook,1
tf_workspace,1
gke_cluster_upgrade_notifier_sa,1
gke_cluster_upgrade_notification,1
apply_pipeline_dynamodb,1
"tf_cloudbuild_workspace[""multitenant""]",1
"tf_cloudbuild_workspace[""fleetscope""]",1
"tf_cloudbuild_workspace[""applicationfactory""]",1
gke_2,1
tenants,1
testing_ecr,1
hmpps_community_accommodation,1
guardduty_malware_s3,1
testgrid_config_bucket,1
gke-project-fleet,1
test-vpc-module,1
terraform_state_backend,1
hmpps_assess_risks_and_needs_integrations_preprod_rds,1
top_folders,1
system_status,1
hmpps_assess_risks_and_needs_integrations_preprod_elasticache_redis,1
glue_trigger,1
glue_schema,1
aks_cluster,1
aks_node_pool,1
hmpps_allocations_dev,1
alb[0],1
alb_controller,1
govuk_mirror_sync_iam_role,1
alb_ingress,1
alert_dev_pipeline_accounts,1
vanity_alias,1
values_merge,1
alert_logs_bucket,1
glue_job_s3_bucket,1
utility_cluster,1
alert_packet_bucket,1
alert_schema_bucket,1
agones_allocator_workloadIdentity_binding,1
gmp_collector_sa,1
gmp_collector_workloadIdentity_binding,1
airflow_s3_bucket,1
hmpps-workload-dev-s3-dashboard-bucket,1
hmpps-workload-dev-s3-extract-bucket,1
vm_scaleset,1
hmpps-workload-impact-testing-dms,1
hmpps-workload-preprod-s3-dashboard-bucket,1
hmpps-workload-preprod-s3-extract-bucket,1
hmpps-workload-prod-s3-dashboard-bucket,1
"vm_cws_workstation_cluster_project[""roles/workstations",1
google_artifact_registry_repository_iam_member,1
hmpps-workload-prod-s3-extract-bucket,1
googleapis,1
google_logging_organization_sink,1
agones_controller_workloadIdentity_binding,1
google_dialogflow_agent,1
google_compute_route,1
agones_controller_sa,1
alertmanager_to_google_chat_sa,1
alertmanager_to_google_chat_url_secret_accessor_binding,1
user,1
tst_pod,1
glue_connection,1
ukcloud_proxy_ecr_credentials,1
ui_redis,1
grafana_iam_role,1
ubuntu_server,1
amplify_app,1
turborepo_cache_bucket,1
global_forwarding_zone,1
unlink_queue_m,1
hmpps_assess_risks_and_needs_dev_rds,1
global_collector_region,1
track_a_query_rds_replica,1
hmpps_assess_risks_and_needs_integrations_dev_elasticache_redis,1
hmpps_assess_risks_and_needs_integrations_dev_rds,1
track_a_query_ecr_credentials,1
vnet_gateway,1
allowed-policy-member-domains,1
grafana_db,1
alertmanager_to_google_chat_workloadIdentity_binding,1
hmpps_allocations_preprod,1
us_west_2,1
us_west_1,1
us_east_2,1
us_east_1,1
uploadstore,1
update_product_lambda,1
alertprod_admin_group,1
alfresco-content-ecr,1
unlink_queue_m_dead_letter_queue,1
alfresco-share-ecr,1
hmpps_allocations_prod,1
unprocessed_documents_and_events_sqs_dlq,1
unprocessed_documents_and_events_sqs,1
all_admin_stacks_config,1
govuk_reports_iam_role,1
glue_crawler,1
adda_domain_events_dlq,1
github_runners,1
"artifact_registry[""infra-tools""]",1
argocd_server_workloadIdentity_binding,1
snowflake_schema,1
snowflake_role,1
snowflake_label,1
snowflake_database,1
hmpps_e_surveillance_ui,1
"artifact_registry[""agent-sandbox""]",1
"artifact_registry[""agentic-net""]",1
slurm_login,1
slurm_controller,1
slurm-workers,1
slurm-controllers,1
"artifact_registry[""aws-encryption-provider""]",1
"artifact_registry[""charts""]",1
"artifact_registry[""cloud-provider-kind""]",1
"artifact_registry[""cluster-capacity""]",1
slack_archive_user,1
activities_api_rds,1
snowflake_sequence,1
snowflake_warehouse,1
sns,1
sns_topic_fileupload,1
github_action_controller_label,1
artifact_registry,1
source[0],1
handle_events_lambda,1
hmpps_e_surveillance_api,1
sns_topic_personid,1
sns_topic_label,1
sns_topic2,1
sns_monitoring,1
sns_topic1,1
sns_topic,1
sns_to_sqs_sms_callbacks,1
sns_sms_usage_report_sanitized_bucket_us_west_2,1
sns_sms_usage_report_sanitized_bucket,1
endpoint_security_groups,1
sns_sms_usage_report_bucket,1
"artifact_registry[""contributor-site""]",1
simulated_data_producer_rds,1
signoz_api_lambda_logs,1
serviceaccount_formbuilder-submitter-workers-live-production,1
serviceaccount_formbuilder-user-filestore-live-dev,1
serviceaccount_formbuilder-user-datastore-test-production,1
serviceaccount_formbuilder-user-datastore-test-dev,1
serviceaccount_formbuilder-user-datastore-live-production,1
serviceaccount_formbuilder-user-datastore-live-dev,1
serviceaccount_formbuilder-submitter-workers-test-production,1
serviceaccount_formbuilder-submitter-workers-test-dev,1
serviceaccount_formbuilder-submitter-workers-live-dev,1
serviceaccount_formbuilder-user-filestore-test-dev,1
serviceaccount_formbuilder-pdf-generator-test-production,1
serviceaccount_formbuilder-pdf-generator-test-dev,1
serviceaccount_formbuilder-pdf-generator-live-production,1
serviceaccount_formbuilder-pdf-generator-live-dev,1
serviceaccount_formbuilder-av-test-dev,1
serviceaccount_formbuilder-av-live-production,1
serviceaccount_formbuilder-av-live-dev,1
serviceaccount_formbuilder-user-filestore-live-production,1
serviceaccount_formbuilder-user-filestore-test-production,1
shared_vpc_project,1
sftp,1
shared_vpc_prod,1
"artifact_registry[""csi-vsphere""]",1
"artifact_registry[""dra-driver-cpu""]",1
"artifact_registry[""dra-example-driver""]",1
gha_vpn,1
"artifact_registry[""etcd""]",1
gha_runners,1
ses_to_sqs_email_callbacks,1
"artifact_registry[""inference-perf""]",1
ses_receiving_emails,1
"artifact_registry[""etcd-manager""]",1
"artifact_registry[""gateway-api-inference-extension""]",1
serviceaccountcircleci,1
"artifact_registry[""headlamp""]",1
serviceaccount_nomis-port-forwarder,1
serviceaccount_github_actions,1
hmpps_dpr_fake_dps_service_ui_ec_cluster,1
spa_web,1
github_runner,1
space,1
sub_folders_qserv,1
sub_folders_processing,1
sub_folders_epo,1
sub_folders_alert_production,1
argocd_notifications_controller_secret_accessor_binding,1
argocd_notifications_controller_workloadIdentity_binding,1
storage_destination,1
storage_bucket_b,1
storage_bucket_6,1
storage_bucket_5,1
storage_bucket_4,1
storage_bucket_3,1
storage_bucket_2,1
storage_bucket,1
storage_account,1
stocks_data,1
"startup_vm_sa_roles[""roles/run",1
sub_folders_science_platform,1
sub_folders_square,1
subdomains_dns_record,1
argocd_dex_server_sa,1
hmpps_court_data_ingestion_api,1
"vpc_ingress[""auto""]",1
argocd_application_controller_sa,1
argocd_application_controller_sa_workloadIdentity_binding,1
argocd_application_controller_secret_accessor_binding,1
hmpps_court_data_ingestion_dead_letter_queue,1
argocd_apps,1
argocd_dex_server_secret_accessor_binding,1
argocd_notifications_controller_sa,1
subscription_api_ecr,1
argocd_dex_server_workloadIdentity_binding,1
subscr-project-services-seed,1
subscr-project-factory,1
argocd_image_updater_sa,1
hmpps_court_data_ingestion_queue,1
argocd_image_updater_workloadIdentity_binding,1
"vpc_ingress[""corp""]",1
argocd_repo,1
stac-server[0],1
spoke1_vnet,1
spoke_vpc_routes,1
spoke_vpc,1
"spoke_networks[""spoke2""]",1
"spoke_networks[""spoke1""]",1
github_action_token_rotator,1
hana_scaleout,1
spoke2_vnet,1
spoke1_aks,1
argocd_server_sa,1
spoke-prd,1
spoke-mgmt,1
spoke,1
spend_loyalty_points_lambda,1
github_action_helm_label,1
spacelift_worker_pool_controller,1
spacelift,1
spoke_vpc_vm,1
argocd_repo_server_workloadIdentity_binding,1
ssosync_artifact,1
ssm_rds_single_mysql_dbname,1
sso_account_assignments_root,1
sso_account_assignments,1
vpc_moz_internal_us_east_1,1
ssm_tls_ssh_key_pair,1
ssm_rds_single_mysql_dbusername,1
vpc_moz_internal_us_west_2,1
ssm_rds_single_mysql_dbpassword,1
h3_nodeset,1
sqs_iam_policy,1
ssm_parameter_store,1
ssm-irsa,1
ssm-auto-patching,1
ssl_cert,1
ssh_key_pair,1
h3_partition,1
argocd_repo_server_sa,1
sns_sms_usage_report_bucket_us_west_2,1
hmpps_strengths_based_needs_assessments_dev_elasticache_redis,1
butler_admin_group,1
my_taco,1
cp_test_queue,1
namejump,1
irsa-production,1
namedata,1
irsa-staging,1
n2_partition,1
n2_nodeset,1
dynamodb_table,1
mwaa_environment,1
namepurview2,1
dynamodb_backup,1
dynamodb-fci-prod,1
mq_broker,1
dynamodb-fci-dev,1
monorepo,1
moj_dashboard_prod_s3_read_irsa,1
moj_dashboard_prod_irsa,1
moj_dashboard_dev_s3_read_irsa,1
court_probation_service_ecr_credentials,1
court_list_service_ecr_credentials,1
module_artifact,1
"net_edges[""spoke3""]",1
ec2,1
network_hub,1
network_firewall,1
network-security-group,1
irsa-auth,1
irsa-cronjob,1
net_mgmt,1
net_ext,1
"net_edges[""spoke2""]",1
court_list_mock_data_ecr_credentials,1
"net_edges[""spoke1""]",1
net_center,1
court-case-service-pod,1
ndelius_new_tech_ecr_credentials,1
irsa-development,1
irsa-external-users,1
ebs_csi_driver_controller,1
irsa-manage-users,1
moj_dashboard_dev_irsa,1
model_armor_configuration,1
cosmosdb_account,1
metrics_server,1
crime_matching_algorithm_irsa,1
docs_user,1
cross_irsa_dev_test,1
migrated-rds-instance,1
mig_template,1
mig1_template,1
mig1,1
cross_region_hub_connector,1
dns_zone_public,1
create_link_queue_m_dead_letter_queue,1
metadata_s3_bucket,1
metabase_monitor_autoscale_setting,1
kinesis,1
dns_gbl_primary,1
kms_attestor,1
kms_key,1
memorystore_redis,1
memorystore,1
create_product_lambda,1
create_link_queue_m,1
mock_cp_court_service_ecr_credentials,1
jenkins_master_cloud_init,1
irsa_laa_test_viewer,1
dps_smoketest_queue,1
dps_rds_replica,1
misc-0,1
james_kotlin_test,1
james_typescript_redis,1
james_typescript_test,1
dps-smoketest,1
jenkins_master_monitor_autoscale_setting,1
create_kms_organization_service_agent,1
jenkins_master_vm_scaleset,1
jitbit_bucket,1
documentdb_cluster,1
document_download_logs,1
create-and-vary-a-licence-s3,1
karpenter_label,1
create_an_order_ui_irsa,1
keda,1
ipam,1
inventory_ordering_service,1
members_merge,1
complexity-of-need-rds,1
oidc_sp,1
oidc,1
ecr-repo-fb-adapter-template-api,1
offender_events_ui_queue,1
offender_events_ui_elasticache_redis,1
offender_events_ui_dead_letter_queue,1
"int_test_fleet[""roles/composer",1
community_api_ecr_credentials,1
ecr-repo-extractor,1
"oidc_sp[""Production""]",1
composer,1
"composer_default_sa_roles[""roles/composer",1
"composer_sa_roles[""roles/composer",1
offender_categorisation_api_events_queue,1
offender_categorisation_api_events_dead_letter_queue,1
compute_instance,1
offender-events-ui-irsa,1
compute_sa,1
"oidc_sp[""Development""]",1
"oidc_sp[""Staging""]",1
confidential_space_project,1
ecr-repo-fb-builder,1
ecr-repo-fb-metadata-api,1
ecr-repo-fb-maintenance-page,1
ecr-repo-fb-editor-workers,1
openmetadata_iam_role,1
openmetadata_iam_policy,1
openmatch_workloadIdentity_binding,1
openmatch_sa,1
ecr-repo-fb-editor-web,1
infrastructure-sensitive_wafs,1
ecr-repo-fb-adapter-template-worker,1
community-dr-infra,1
ingestion_api_ecr,1
ingestion_processor_ecr,1
inspector,1
community-on-demand,1
ecr-repo-fb-base-adapter,1
"int_test[""roles/clouddeploy",1
ecr-repo-fb-av,1
ecr-repo-datasette,1
ecr-repo-api,1
corp-0,1
notifications_sqs,1
notify_slack_warning,1
notify_slack_ok,1
notify_slack_general,1
notify_slack_critical,1
notify_slack,1
notify_performance_test_results,1
notifications_templates,1
notifications_sqs_dlq,1
notifications_notifiers,1
ec2_client_vpn,1
notification_api_ecr,1
container_repository,1
control_bucket,1
controller_sa,1
coredns_fargate_profile,1
no_stock_handler,1
inventory_acl_function,1
inventory_api_web_service,1
nscc_s3_logging_bucket,1
ec2_iaps_server,1
config_json,1
oauth_revoke_function,1
confirm_order_handler,1
conformance_pack,1
ecr-mock-oidc,1
ec2_zscaler[0],1
contact-moj_ecr_credentials,1
"ec2_test_instance[""example-test-2""]",1
"ec2_test_instance[""example-test-1""]",1
oauth_token_function,1
oauth_metadata_function,1
"ec2_test_autoscaling_group[""dev-rh-rhel79""]",1
oauth_introspect_function,1
oauth_dcr_function,1
oauth_client_update_function,1
oauth_client_get_function,1
oauth_client_delete_function,1
oauth_authorize_function,1
oauth_authorize_callback_function,1
nsg_rules,1
memorydb,1
mbpr_prod_irsa,1
butler_server_account,1
kops_readonly_access_group_staging,1
kops_readonly_access_group_data,1
lambda_edge_functions,1
lambda_edge,1
lambda-google-cidr,1
lambda,1
lakeformation,1
kops_readonly_access_group_dev,1
kops_readonly_access_group_prod,1
kops_readonly_access_group_testing,1
lambda_function2,1
kops_readonly_corp_label,1
laa_govuk_notify_orchestrator_staging_sqs,1
laa_govuk_notify_orchestrator_staging_dlq,1
laa_govuk_notify_orchestrator_production_sqs,1
laa_govuk_notify_orchestrator_production_dlq,1
laa_govuk_notify_orchestrator_development_sqs,1
laa_govuk_notify_orchestrator_development_dlq,1
laa_fee_caclulator_team_ecr_credentials,1
lambda_function1,1
kops_readonly_access_group_corp,1
laa_cla_backend_uat_sqs,1
kops_ecr_app,1
datadog_monitors_merge,1
datadog_sidecar_logs,1
datadog_synthetics,1
lcdui_ecr_credentials,1
datadog_synthetics_merge,1
kops_chart_repo,1
kops_ci_user,1
lb_access_logs_enabled,1
datadog_synthetics_yaml_config,1
dataform_workflow_sa,1
landingzone,1
kops_ecr_user,1
kops_efs_provisioner,1
kops_external_dns,1
kops_legacy_account_vpc_peering,1
kops_metadata_iam,1
kops_metadata_instance_groups,1
kops_metadata_networking,1
kops_readonly_data_label,1
laa_cla_backend_training_sqs,1
datadog_monitors,1
disable_policy_publicAccessPrevention,1
kops_vpc,1
demolab,1
kubernetes_cluster_role,1
kubernetes_cluster_role_v1,1
dms_replication_task,1
dex_mi_production_rds,1
dex_mi_staging_rds,1
diagnostics,1
disable_policy_requireOsLogin,1
demo_dns_zone,1
disable_policy_requireShieldedVm,1
disable_policy_restrictVpcPeering,1
disable_policy_uniformBucketLevelAccess,1
disable_policy_vmExternalIpAccess,1
dms_endpoint,1
dms_endpoint_source,1
dms_endpoint_target,1
dms_iam,1
kops_state_backend,1
delius_oauth2_server_ecr_credentials,1
laa_cla_backend_staging_sqs,1
db_butler_registry_dp1,1
laa_cla_backend_production_sqs,1
kops_readonly_dev_label,1
datahub_frontend_assumable_role,1
datahub_gms_assumable_role,1
kops_readonly_label,1
db_backup_iam_role,1
db_backups_storage,1
db_butler_registry_dp02[0],1
kops_readonly_prod_label,1
delete_product_lambda,1
db_science_platform,1
dead_letter,1
deckhand,1
kops_readonly_staging_label,1
kops_readonly_testing_label,1
default_backend_web_app,1
delegated_roles,1
delete_oldsnapshots,1
kops_alb_ingress,1
linux_vm,1
mbpr_dev_irsa,1
cw_alarms,1
cvl_prison_test2_events_queue,1
cvl_test1_domain_events_dead_letter_queue,1
cvl_test1_domain_events_queue,1
manage_a_workforce_ui_preprod,1
manage_a_workforce_ui_dev,1
manage_a_workforce_prod,1
cvl_test2_domain_events_dead_letter_queue,1
cvl_test2_domain_events_queue,1
kops_admin_corp_label,1
cvl_prison_test1_events_queue,1
kops_admin_data_label,1
data_landing_s3_bucket,1
data_s3_bucket,1
database-factory-scaling,1
datadog-integration,1
datadog_agent,1
datadog_aws_integration,1
kops_admin_dev_label,1
cvl_prison_test2_events_dead_letter_queue,1
cvl_prison_test1_events_dead_letter_queue,1
main_network,1
kms_key_s3_bucket_logs,1
matomo_rds,1
kms_key_efs,1
csv_bucket_logs,1
cur_reports_integration_athena_s3_bucket,1
cur_reports_s3_bucket,1
dns-delegated,1
managed_prometheus,1
kms_key_s3_bucket,1
managed-lustre,1
kops_admin_access_group_testing,1
kms_key_ses,1
kms_single_lhdb_mysql,1
kops_admin_access_group_corp,1
kops_admin_access_group_data,1
kops_admin_access_group_dev,1
kops_admin_access_group_prod,1
cutouts_bucket,1
kops_admin_access_group_staging,1
datadog_cluster_check_yaml_config,1
datadog_container_definition,1
list_products_lambda,1
little_quest_realtime_sa,1
datadog_lambda_forwarder,1
local_datadog_monitors_yaml_config,1
local_cicd,1
kops_admin_testing_label,1
load_balancer_name,1
little_quest_server_workloadIdentity_binding,1
little_quest_server_sa,1
little_quest_realtime_workloadIdentity_binding,1
little_quest_mmf_workloadIdentity_binding,1
log_export_to_biqquery,1
little_quest_mmf_sa,1
little_quest_frontend_workloadIdentity_binding,1
little_quest_frontend_sa,1
little_quest_director_workloadIdentity_binding,1
little_quest_director_sa,1
little_quest_datawarehouse,1
little_quest_datamart,1
little_quest_datalake,1
log_destination_components,1
log_export_to_pubsub,1
lz-vending,1
logs_bucket,1
loyalty_points_updated_handler,1
loki_tls_label,1
"loki_storage[""ruler""]",1
"loki_storage[""chunks""]",1
"loki_storage[""admin""]",1
datadog_fluent_bit_container_definition,1
logs_s3_bucket,1
datadog_ids,1
datadog_integration,1
log_export_to_storage,1
login_sa,1
login_function,1
logic_app,1
logging_bucket,1
kops_admin_label,1
kops_admin_prod_label,1
kops_admin_staging_label,1
log_group_prefix,1
ims_test_generator_suite_queue,1
ims_test_generator_queue,1
ecr-repo-fb-pdf-generator,1
private_service_access,1
calculate_release_dates_api_preprod,1
probation_court_prototype_ecr_credentials,1
calculate_release_dates_api_prod,1
hpc_dashboard,1
calculate_release_dates_ui_alt_dev,1
calculate_release_dates_ui_alt_preprod,1
calculate_release_dates_ui_dev,1
calculate_release_dates_ui_preprod,1
private_googleapis,1
homefs,1
calculate_release_dates_ui_prod,1
private_ca[0],1
private_ca,1
htcondor_ap,1
htcondor_cm,1
prisoner_pay_rds,1
hub_network,1
cbs_logs_bucket,1
probation_offender_events_perf,1
process_sqs,1
"eks[""eks/cluster""]",1
product_api_stock_updated_worker,1
project-services-prov-seed,1
project-services-cx,1
project-prod-gke,1
calculate_release_dates_api_alt_dev,1
calculate_release_dates_api_alt_preprod,1
product_public_event_publisher,1
product_pricing_updated_acl_function,1
product_cache_refresh_function,1
product_api_pricing_worker,1
process_sqs_dlq,1
product_acl_function,1
prodromos_state_bucket,1
prod_deploy,1
hmpps_workload_dev,1
hmpps_workload_preprod,1
hmpps_workload_prod,1
eks_workers,1
calculate_release_dates_api_dev,1
cccd_ecr_credentials,1
eks-auth,1
project-services-publ-bq-fed-ds,1
ecs_cloudwatch_sns_alarms[0],1
"iam_member[""roles/iam",1
iam_oidc_provider,1
iam_primary_roles,1
child_stack,1
child_stacks_config,1
ci_iam_group,1
cica-test-bucket,1
cica-versions-bucket,1
ckan_iam_role,1
ecs_lb_access_logs_enabled,1
cla_backend_cfe_integration_rds_postgres_14,1
iam_role[0],1
cla_frontend_app_credentials,1
principal,1
primary_roles,1
primary_cluster,1
prepare_probation_courtcases_ecr_credentials,1
cla_frontend_socket_server_credentials,1
ecs_cluster_label,1
chartmuseum,1
cdn_frontdoor,1
central_manager_service_account,1
"ce_sa_permission[""roles/artifactregistry",1
"ce_sa_permission[""roles/logging",1
"ce_sa_permission[""roles/storage",1
cemo_rds,1
cemo_s3,1
cemo_submit_dl_queue,1
cemo_submit_queue,1
central_manager_instance_template,1
efs_controller,1
chart_values,1
cert_manager,1
cert_manager_issuer,1
iam_account_settings,1
certificate_verification_dns_record,1
iam_assumable_role_karpenter,1
iam_authenticator_config,1
chamber_kms_key,1
chamber_user,1
project-services-publ-bq-and-ah,1
project-services-publ-bq-shared-ds,1
opensearch_alert_error_loading_seccomp,1
publ-project-loggin,1
c19,1
c2,1
publish2fs,1
hmpps_staff_preprod,1
c20,1
hmpps_staff_prod,1
c21,1
publ-project-services-seed,1
kubernetes_secret_v1,1
pubsub_destination,1
publ-project-bqds,1
ps_cps_pack_parser_ecr_credentials,1
c22,1
prow_network,1
prow_build,1
prow_bucket,1
prow,1
c23,1
pubsub,1
pubsub_gacha,1
c24,1
c14,1
c0,1
c1,1
endpoint_group,1
c10,1
emds_s3,1
c11,1
c12,1
c13,1
c15,1
pubsub_quest_award,1
quota-project,1
queue_policy,1
c16,1
c17,1
hmpps_staff_dev,1
c18,1
pubsub_revenue,1
pubsub_quest_status,1
hmpps_strengths_based_needs_assessments_dev_rds,1
prosecution_concluded_dl_queue,1
project-services-publ-bq-src-ds,1
project_ci_vm,1
c7,1
c8,1
c9,1
ca_central_1,1
hmpps_tech_docs,1
project_radlab_ds_analytics,1
elasticsearch_kibana_vm_scaleset,1
elasticsearch_kibana_monitor_autoscale_setting,1
elasticsearch_kibana_cloud_init,1
elb-logs-s3,1
"project[""roles/container",1
project-services-subscr-without-vpcsc,1
project-services-subscr-subscr-xpn,1
project-services-subscr-subscr-without-vpcsc,1
project-services-subscr-subscr-vm,1
project-services-publ-vpcsc-ah-exchg,1
project-services-publ-seed,1
project-services-publ-nonvpcsc-ah-exchg,1
elb-cleanup,1
hmpps_strengths_based_needs_assessments_test_rds,1
c2_nodeset,1
c4,1
promtail,1
c2_partition,1
projectsfs,1
c2d_nodeset,1
c2d_partition,1
c3,1
c3_nodeset,1
c3_partition,1
hmpps_strengths_based_needs_assessments_preprod_elasticache_redis,1
c6,1
hmpps_strengths_based_needs_assessments_preprod_rds,1
hmpps_strengths_based_needs_assessments_prod_elasticache_redis,1
hmpps_strengths_based_needs_assessments_prod_rds,1
"project_scc_default_service_account[""roles/storage",1
"project_scc_default_service_account[""roles/logging",1
hmpps_strengths_based_needs_assessments_test_elasticache_redis,1
"project_scc_default_service_account[""roles/artifactregistry",1
c5,1
cloud,1
cloud-nat-group1,1
cloud_build_notifier_sa,1
org_policies_resource_location_constraint_prod_ntwrk_prj_override,1
org_policy_disableSerialPortAccess_fldr_override,1
org_policy_dev_shared_disableSerialPortAccess_prj_override,1
org_policies_restricted_loadbalancer_types[0],1
org_policies_restricted_loadbalancer_types,1
org_policies_restrict_vpc_peering_prj_override,1
ecr-repo-generator,1
org_policies_restrict_protocol_fowarding_dev_override,1
org_policies_restrict_protocol_fowarding[0],1
org_policies_resource_location_constraint_nonprod_ntwrk_prj_override,1
org_policy_disableVpcExternalIpv6_prj_override,1
org_policies_resource_location_constraint_mgmt_ntwrk_prj_override,1
org_policies_resource_location_constraint_identity_ntwrk_prj_override,1
org_policies_resource_location_constraint_dev_shared_ntwrk_prj_override,1
org_policies_resource_location_constraint_dev_override,1
org_policies_resource_location_constraint[0],1
org_policies_require_trusted_images_dev_override,1
org_policies_require_trusted_images[0],1
org_policies_require_shielded_vm_p_enforce,1
org_policy_disableVpcExternalIpv6_fldr_override,1
org_policy_i_disableSerialPortAccess_prj_override,1
org_policies_require_shielded_vm_m_enforce,1
org_shared_services[0],1
org_vm_external_ip_access_nonprod_override,1
org_vm_external_ip_access_mgmt_override,1
org_vm_external_ip_access_identity_override,1
org_vm_external_ip_access_dev_override,1
cluster-post-installation,1
ims_generator_dead_letter_queue,1
org_shielded_vms,1
org_shared_vpc_lien_removal,1
org_shared_require_os_login,1
org_policy_i_disableVpcExternalIpv6_prj_override,1
ims_generator_suite_dead_letter_queue,1
org_restrict_public_ip_access_cloudsql,1
org_policy_p_disableVpcExternalIpv6_prj_override,1
org_policy_p_disableSerialPortAccess_prj_override,1
org_policy_n_disableVpcExternalIpv6_prj_override,1
org_policy_n_disableSerialPortAccess_prj_override,1
org_policy_m_disableVpcExternalIpv6_prj_override,1
org_policy_m_disableSerialPortAccess_prj_override,1
org_policies_require_shielded_vm_np_enforce,1
org_policies_require_shielded_vm_i_enforce,1
cloud_build_notifier_secret_accessor_binding,1
openvpn-elb,1
orders_web_service,1
order_mcp_server_lambda,1
order_mcp_authorizer_lambda,1
order_created_function,1
order_completed_handler,1
order_completed_function,1
ecr-repo-fb-runner-node,1
opsgenie_config,1
opentelemetry_collector_workloadIdentity_binding,1
cluster_autoscaler_iam_role,1
opentelemetry_collector_sa,1
ecr-repo-fb-runner,1
ecr-repo-fb-publisher-worker,1
ecr-repo-fb-publisher-web,1
ecr-repo-fb-publisher-base,1
codefresh_enterprise_backing_services,1
opensearch_alert_modsec,1
opensearch_alert_ip_prefix,1
ecr-repo-fb-service-token-cache,1
ecr-repo-fb-submitter-api,1
org_policies_disable_guest_attribute_access_dev_override,1
org_disable_nested_virtualization,1
org_policies_disable_guest_attribute_access[0],1
org_monitoring[0],1
ecr-repo-fb-user-filestore-api,1
org_enforce_bucket_level_access,1
ecr-repo-fb-user-datastore-api,1
org_disable_service_account_key_create,1
org_disable_serial_port_access,1
org_disable_sa_key_creation,1
org_disable_automatic_iam_grants_on_default_service_accounts,1
org_audit_logs[0],1
org_disable_automatic_iam_grants,1
org_data_access,1
org_conformance_pack,1
org_compute_disable_guest_attributes_access,1
org_cloudsql_external_ip_access,1
org_billing_logs[0],1
ecr-repo-fb-submitter-workers,1
ecr-repo-fb-submitter-base,1
org_vm_external_ip_access_prj_override,1
org_vm_external_ip_access_prod_override,1
organization_access_group_audit,1
cloudmap_namespace_service_discovery,1
cloudformation_stack,1
peoplefinder_rds_replica,1
ecr_github_actions,1
peering_zone,1
cloudfront_with_ordered,1
cloudmap_namespace,1
peering1,1
peered_network,1
iap_tunnel,1
permission_sets,1
cloudsql,1
cloudsql_mysql,1
ecr_cwa_submissions,1
"cloudwatch_agent_log_groups[""access",1
"cloudwatch_agent_log_groups[""amazon-cloudwatch-agent",1
"cloudwatch_agent_log_groups[""error",1
"cloudwatch_agent_log_groups[""iminterface/imiapsif",1
"cloudwatch_agent_log_groups[""ndinterface/daysummary",1
perf-test-data-s3-bucket,1
ecr_user,1
organization_access_group_corp,1
pinpoint_to_sqs_sms_callbacks,1
pq_ecr_credentials,1
cloud_builds_notifier,1
postgresql-db-replica,1
postgresql-db,1
postgres_replica,1
ecs_cloudwatch_autoscaling[0],1
policy,1
pkg_dev,1
cloud_router_app_0,1
cloudbuild_repositories,1
cloud_router_app_1,1
cloud_router_misc_0,1
cloud_run_pubsub_invoker_sa,1
cloudbuild_bootstrap,1
ecs-cluster,1
personid_queue,1
personid_dlq,1
"cloudbuild_iam[""roles/iam",1
identify_remand_rds,1
parameter_prefix,1
pagerduty_notifications,1
organization_access_group_ssm_dev,1
organization_access_group_testing,1
organization_access_group_staging,1
organization_access_group_ssm_testing,1
organization_access_group_ssm_staging,1
organization_access_group_ssm_security,1
organization_access_group_ssm_root,1
organization_access_group_ssm_prod,1
organization_access_group_ssm_identity,1
organization_access_group_ssm_data,1
pagerduty_ddos_alarm,1
organization_access_group_ssm_corp,1
organization_access_group_ssm_audit,1
organization_access_group_security,1
organization_access_group_root,1
organization_access_group_prod,1
organization_access_group_identity,1
organization_access_group_dev,1
organization_access_group_data,1
organization_account_access_role_arn,1
organization_account_access_role_arns,1
ecr-repo-hmcts-complaints-adapter,1
ecr-repo-hmcts-complaints-formbuilder-adapter-api,1
"cloudwatch_agent_log_groups[""ndinterface/xmltransfer",1
pact_broker_rds_postgres14,1
cloudwatch_event,1
ecr_csv_converter,1
cloudwatch_event_rules_label,1
organizational_units_service_control_policies,1
organization_service_control_policies,1
organization_policies_type_boolean_prj_d_shared_restricted_override,1
idp_roles,1
ecr_chunk_norris,1
cloudwatch_logs,1
ecr-repo-validator,1
ecr-repo-transform,1
ecr-repo-prison-visits-tests,1
ecr-repo-prison-visits-staff,1
ecr-repo-prison-visits-public,1
ecr-repo-hmcts-complaints-formbuilder-adapter-worker,1
org_policies_restrict_vpc_peering,1
